,treatm,week,c_atar_ii_1,c_atar_ii_0,cmcsaq_session_hours_1,cgsaq_session_hours_1,cgmcq_session_hours_1,cesaq_session_hours_1,cemcq_session_hours_1,ceg_session_hours_1,csaq_session_hours_1,cmcq_session_hours_1,cgame_session_hours_1,cebook_session_hours_1,cmcsaq_session_hours_0,cgsaq_session_hours_0,cgmcq_session_hours_0,cesaq_session_hours_0,cemcq_session_hours_0,ceg_session_hours_0,csaq_session_hours_0,cmcq_session_hours_0,cgame_session_hours_0,cebook_session_hours_0,acsaq_session_hours_1,acmcq_session_hours_1,acmcq_Cshare_nonrev_1,acmcq_Cattempt_nonrev_1,acmcq_attempt_nonrev_1,acsa_attempt_1,acebook_commentposted_1,acvideos_watched_1,acvideo_events_1,actotebook_pageviews_1,acebook_session_hours_1,acebook_logins_1,acsession_clicks_1,acgame_session_hours_1,acgame_logins_1,acplayer_money_deploym_1,acplayer_happy_deploym_1,acsaq_session_hours_0,acmcq_session_hours_0,acmcq_Cshare_nonrev_0,acmcq_Cattempt_nonrev_0,acmcq_attempt_nonrev_0,acsa_attempt_0,acebook_commentposted_0,acvideos_watched_0,acvideo_events_0,actotebook_pageviews_0,acebook_session_hours_0,acebook_logins_0,acsession_clicks_0,acgame_session_hours_0,acgame_logins_0,acplayer_money_deploym_0,acplayer_happy_deploym_0,sd_markw13_exp2_1,sd_markw13_exp2_0,sd_markw13_exp1_1,sd_markw13_exp1_0,sd_markw16_1,sd_markw16_0,sd_markw15_1,sd_markw15_0,sd_mark_1,sd_mark_0,sd_final_1,sd_final_0,sd_markpl_1,sd_markpl_0,sd_markw6_1,sd_markw6_0,sd_saq_session_hours_cumul_1,sd_saq_session_hours_cumul_0,sd_mcq_session_hours_cumul_1,sd_mcq_session_hours_cumul_0,sd_mcq_Cshare_nonrev_cumul_1,sd_mcq_Cshare_nonrev_cumul_0,sd_mcq_Cattempt_nonrev_cumul_1,sd_mcq_Cattempt_nonrev_cumul_0,sd_mcq_attempt_nonrev_cumul_1,sd_mcq_attempt_nonrev_cumul_0,sd_sa_attempt_cumul_1,sd_sa_attempt_cumul_0,sd_ebook_commentposted_cumul_1,sd_ebook_commentposted_cumul_0,sd_videos_watched_cumul_1,sd_videos_watched_cumul_0,sd_video_events_cumul_1,sd_video_events_cumul_0,sd_totebook_pageviews_cumul_1,sd_totebook_pageviews_cumul_0,sd_ebook_session_hours_cumul_1,sd_ebook_session_hours_cumul_0,sd_ebook_logins_cumul_1,sd_ebook_logins_cumul_0,sd_session_clicks_cumul_1,sd_session_clicks_cumul_0,sd_game_session_hours_cumul_1,sd_game_session_hours_cumul_0,sd_game_logins_cumul_1,sd_game_logins_cumul_0,sd_player_money_deploym_cumul_1,sd_player_money_deploym_cumul_0,sd_player_happy_deploym_cumul_1,sd_player_happy_deploym_cumul_0,av_markw13_exp2_1,av_markw13_exp2_0,av_markw13_exp1_1,av_markw13_exp1_0,av_markw16_1,av_markw16_0,av_markw15_1,av_markw15_0,av_mark_1,av_mark_0,av_final_1,av_final_0,av_markpl_1,av_markpl_0,av_markw6_1,av_markw6_0,av_saq_session_hours_cumul_1,av_saq_session_hours_cumul_0,av_mcq_session_hours_cumul_1,av_mcq_session_hours_cumul_0,av_mcq_Cshare_nonrev_cumul_1,av_mcq_Cshare_nonrev_cumul_0,av_mcq_Cattempt_nonrev_cumul_1,av_mcq_Cattempt_nonrev_cumul_0,av_mcq_attempt_nonrev_cumul_1,av_mcq_attempt_nonrev_cumul_0,av_sa_attempt_cumul_1,av_sa_attempt_cumul_0,av_ebook_commenting_1,av_ebook_commenting_0,av_ebook_commentposted_cumul_1,av_ebook_commentposted_cumul_0,av_videos_watched_cumul_1,av_videos_watched_cumul_0,av_video_events_cumul_1,av_video_events_cumul_0,av_totebook_pageviews_cumul_1,av_totebook_pageviews_cumul_0,av_ebook_session_hours_cumul_1,av_ebook_session_hours_cumul_0,av_ebook_logins_cumul_1,av_ebook_logins_cumul_0,av_session_clicks_cumul_1,av_session_clicks_cumul_0,av_game_session_hours_cumul_1,av_game_session_hours_cumul_0,av_game_logins_cumul_1,av_game_logins_cumul_0,av_player_money_deploym_cumul_1,av_player_money_deploym_cumul_0,av_player_happy_deploym_cumul_1,av_player_happy_deploym_cumul_0
1,0,1,NA,NA,NA,NA,NA,NA,-0.057954542,NA,NA,-0.236955613,NA,-0.026493967,NA,NA,NA,NA,0.079210348,NA,NA,0.087537766,NA,0.086866699,NA,NA,NA,NA,NA,NA,NA,NA,NA,NA,NA,NA,NA,NA,NA,NA,NA,NA,NA,NA,NA,NA,NA,NA,NA,NA,NA,NA,NA,NA,NA,NA,NA,NA,NA,NA,NA,NA,NA,NA,NA,NA,NA,NA,NA,NA,NA,NA,NA,NA,NA,NA,0.230704263,0.095613495,NA,NA,NA,NA,NA,NA,NA,NA,0.370377481,0.143817738,1.33349359,1.962642312,17.11636162,21.8937645,31.81354141,43.39900208,1.17614615,1.832047343,2.636275291,3.532907248,NA,NA,NA,NA,NA,NA,NA,NA,NA,NA,NA,NA,NA,NA,NA,NA,NA,NA,NA,NA,NA,NA,NA,NA,NA,NA,NA,NA,0.058242586,0.025869224,NA,NA,NA,NA,NA,NA,NA,NA,0.015306123,0.020979021,0.035714287,0.020979021,0.321428567,0.573426545,3.275510311,5.615384579,12.33673477,16.86013985,0.516790926,0.798896551,1.198979616,1.727272749,NA,NA,NA,NA,NA,NA,NA,NA,NA,NA
2,0,2,NA,NA,0.032218259,NA,NA,0.1694839,0.179246098,NA,0.630325556,-0.013332646,NA,0.189450607,0.222618744,NA,NA,0.137498781,0.15642637,NA,-0.395775586,0.180851489,NA,0.152352467,NA,0.014831309,NA,NA,NA,NA,1,0.861124575,0.965346396,0.721967876,0.708241284,0.798854172,NA,NA,NA,NA,NA,NA,-0.480162233,NA,NA,NA,NA,NA,0.818125069,0.690928757,0.653269947,0.761189938,0.729664326,NA,NA,NA,NA,NA,NA,NA,NA,NA,NA,NA,NA,NA,NA,NA,NA,NA,NA,NA,NA,NA,0.129665956,0.0582253,0.691491365,0.239122361,0.167705119,0.191504031,10.58093166,4.658092022,15.64526653,8.655459404,0.445454985,0.219236434,0.598336279,0.184336931,3.453723431,3.499771357,33.88850021,54.00037384,111.2975998,115.9039154,3.496515512,4.689176083,8.517915726,9.376111031,NA,NA,NA,NA,NA,NA,NA,NA,NA,NA,NA,NA,NA,NA,NA,NA,NA,NA,NA,NA,NA,NA,NA,NA,NA,NA,0.022907428,0.010631876,0.160208389,0.064190134,0.717165589,0.649793148,3.168367386,1.363636374,4.642857075,2.342657328,0.081632651,0.034965035,0.081632651,0.034965035,0.127551019,0.034965035,1.142857194,1.818181872,11.02040863,22.48950958,91.36224365,99.16783142,3.082705975,3.844692469,7.265305996,8.104894638,NA,NA,NA,NA,NA,NA,NA,NA,NA,NA
3,0,3,NA,NA,-0.085944399,NA,NA,0.177277431,0.208908692,NA,-0.256936222,-0.034210633,NA,0.2200609,0.060715657,NA,NA,0.171986684,0.182534367,NA,-0.480277836,0.116560459,NA,0.175844699,-1,0.959641814,0.908799827,0.877383828,0.870023429,0.883883476,0.938319743,0.89135164,0.855556965,0.946047843,0.926128447,0.95028621,NA,NA,NA,NA,NA,NA,0.533041894,0.667270839,0.399799168,0.472548813,1,NA,0.749684274,0.679534972,0.935998082,0.926858544,0.934034228,NA,NA,NA,NA,NA,NA,NA,NA,NA,NA,NA,NA,NA,NA,NA,NA,NA,NA,NA,NA,NA,0.161271632,0.137865886,1.06590271,0.633614242,0.164294228,0.174506962,21.26946831,19.84680748,32.88489914,30.56266212,0.613471627,0.551584125,0.648469627,0.201198027,5.581131935,5.986203194,57.78106308,100.0783844,156.5251465,165.4821625,5.366221428,7.165082932,11.66683006,13.17255497,NA,NA,NA,NA,NA,NA,NA,NA,NA,NA,NA,NA,NA,NA,NA,NA,NA,NA,NA,NA,NA,NA,NA,NA,NA,NA,0.035020974,0.029756228,0.302325994,0.200023457,0.714806318,0.682181776,7.826530457,6.139860153,11.75510216,9.685315132,0.183673471,0.139860138,0.081632651,0.041958041,0.142857149,0.041958041,2.377551079,3.195804119,23.51020432,42.25174713,143.4234619,163.1608429,5.247709751,6.708732128,11.34693909,13.16083908,NA,NA,NA,NA,NA,NA,NA,NA,NA,NA
4,0,4,NA,NA,-0.089403048,NA,NA,0.179644734,0.20575124,NA,-0.24105905,-0.058493841,NA,0.210419193,-0.029351592,NA,NA,0.162862495,0.171857715,NA,-0.376988798,0.006936445,NA,0.169957235,0.999013782,0.972694159,0.903982818,0.88085252,0.899102688,0.904534042,1,0.900262833,0.874042511,0.971458435,0.944450915,0.959690452,NA,NA,NA,NA,NA,1,0.847915173,0.893949032,0.689389944,0.676805198,1,NA,0.8790254,0.946875274,0.958904207,0.955921531,0.958599031,NA,NA,NA,NA,NA,NA,NA,NA,NA,NA,NA,NA,NA,NA,NA,NA,NA,NA,NA,NA,NA,0.172215372,0.152286097,1.480808496,0.975251377,0.151516348,0.172572657,33.39139557,32.60280609,52.7449379,55.73901367,0.758554935,0.623894691,0.651267707,0.201198027,7.617793083,8.358974457,96.41473389,135.2975006,180.0101318,204.9855957,6.822515011,9.37558651,14.20691395,16.65585899,NA,NA,NA,NA,NA,NA,NA,NA,NA,NA,NA,NA,NA,NA,NA,NA,NA,NA,NA,NA,NA,NA,NA,NA,NA,NA,0.047514807,0.039782688,0.514139414,0.345429271,0.711003602,0.671149135,14.22449017,11.14685345,21.71938705,18.74825096,0.265306115,0.181818187,0.086734697,0.041958041,0.147959188,0.041958041,3.571428537,5.027972221,37.59693909,63.15384674,174.8010254,208.370636,7.044395447,9.448232651,14.65816307,18.06992912,NA,NA,NA,NA,NA,NA,NA,NA,NA,NA
5,0,5,NA,NA,0.038053308,0.235043541,0.280641943,0.197726592,0.239440769,0.308230191,0.040411104,0.042394459,0.271603525,0.235981017,-0.317706347,0.256564677,0.237395078,0.221079558,0.202373698,0.279335827,-0.227330223,-0.201835185,0.23717837,0.205522805,0.975819826,0.890658557,0.838276267,0.809297025,0.818740606,0.684944451,0.82919848,0.870718181,0.853670835,0.859167397,0.891290188,0.870555699,NA,NA,NA,NA,NA,0.534333408,0.859192252,0.739123821,0.90144074,0.919330835,0.572210968,NA,0.886023343,0.870672286,0.958903193,0.955516219,0.93866545,NA,NA,NA,NA,NA,NA,NA,NA,NA,NA,NA,NA,NA,NA,NA,NA,NA,NA,NA,NA,NA,0.6737656,0.361032218,2.013676882,1.318366051,0.154066086,0.140722632,48.44629669,41.97356796,75.94287872,69.63333893,1.841608763,1.185411453,4.090278149,1.245300412,10.73669815,12.6981411,209.2108612,230.8269501,239.3962402,275.5112305,9.211053848,12.76148987,19.80949783,23.17894745,5333.368062,2887.640902,10.90560627,7.173303127,37.63106537,19.15154076,504671.6026,100481.0389,8612.873828,1001.55594,NA,NA,NA,NA,NA,NA,NA,NA,NA,NA,NA,NA,NA,NA,NA,NA,0.18655175,0.140687227,0.953318179,0.687582552,0.720866621,0.648620605,28.11224556,20.35664368,42.71938705,33.38461685,0.591836751,0.461538464,0.18877551,0.132867128,0.790816307,0.342657357,8.484693527,9.405594826,135.6530609,155.2097931,268.5050964,295.7902222,10.89521408,13.48552322,22.59693909,25.74125862,2793.392857,1111.902098,8.789768219,5.946604252,28.48469353,17.11888123,42945.06417,14457.53237,3526.86747,602.6666667
6,0,6,NA,NA,-0.074647658,0.210182026,0.280516505,0.18582122,0.245923132,0.305516511,0.0653271,-0.016144935,0.273579359,0.243757501,-0.249543235,0.328375369,0.30638954,0.248207673,0.23093161,0.307201624,-0.175243214,-0.072285078,0.298839182,0.223605782,0.975071788,0.904298842,0.912759423,0.781924486,0.830273151,0.940059662,0.981153548,0.943195105,0.966089547,0.973052382,0.958898783,0.946324825,0.896117628,0.890033245,0.945342839,0.999999583,0.998322845,0.991270959,0.793199897,0.920836329,0.847882271,0.870034456,0.973356843,0.953562498,0.96794641,0.964714944,0.973240435,0.978619397,0.970687628,0.915373623,0.780916929,0.899363756,0.997816384,0.673206806,NA,NA,NA,NA,NA,NA,NA,NA,NA,NA,NA,NA,NA,NA,NA,NA,0.935068011,0.569587827,2.394374371,1.886392236,0.149011865,0.162863269,60.95681763,53.79483795,91.81200409,87.33506775,2.818678856,1.469074488,6.050033569,1.689330101,12.39374924,14.71446609,223.2493744,250.1221619,272.2558594,312.6343079,11.3128376,14.63991642,26.24811745,27.28948975,8105.026006,6483.094438,17.20488739,12.03083897,48.57635498,26.86477089,11873338.41,1422039.875,105301.441,23823.55314,NA,NA,NA,NA,NA,NA,NA,NA,NA,NA,NA,NA,NA,NA,NA,NA,0.302520305,0.224624008,1.444972515,1.273661733,0.718290746,0.685940683,42.31122589,35.53146744,63.41836548,56.31468582,0.938775539,0.692307711,0.229591832,0.202797204,1.21938777,0.559440553,10.51020432,11.32167816,167.1479645,185.9090881,317.163269,354.2517395,13.89901447,16.59400368,29.97959137,32.48251724,4995.576531,2698.853147,15.22420883,11.54497242,43.93367386,29.5244751,1152897.874,220712.8777,39088.59124,12579.24444
7,0,7,NA,NA,-0.203117386,0.168542415,0.223824725,0.169103816,0.21546796,0.266361475,-0.028520113,-0.10918349,0.223536685,0.219494492,-0.170489952,0.349450707,0.337821186,0.22982423,0.228880808,0.329317838,-0.172255039,-0.00587518,0.327687323,0.218449607,0.967364311,0.94444114,0.947286129,0.935161591,0.927832723,0.959813118,0.831189215,0.960359216,0.814202249,0.947904646,0.96463412,0.97763133,0.966415346,0.95669806,0.967978716,1,0.999896169,0.937304437,0.92967546,0.924089253,0.942995846,0.952551603,0.778893173,0.867806137,0.982643604,0.970375955,0.985067487,0.981708169,0.980964899,0.990169227,0.951762378,0.947445691,0.996926546,0.902043343,NA,NA,NA,NA,NA,NA,NA,NA,NA,NA,NA,NA,NA,NA,NA,NA,1.105039477,0.744808793,2.698776484,2.34452343,0.142966434,0.145914197,66.65283966,63.62527466,100.9210434,102.4226685,3.303883553,1.889230371,8.017308235,2.117893457,13.66862297,16.2834816,282.6560364,272.3952942,312.0788574,339.1100159,13.25239372,16.39323616,29.81561089,30.85258484,9050.001762,8073.653758,19.98711014,14.76975918,52.44421768,31.80801582,8437770.486,4667771.006,453600.2333,166990.1895,NA,NA,NA,NA,NA,NA,NA,NA,NA,NA,NA,NA,NA,NA,NA,NA,0.373855799,0.306115896,1.734830618,1.680118442,0.711357594,0.686216176,51.72449112,46.25174713,77.93367004,72.67832184,1.132653117,0.965034962,0.244897962,0.237762243,1.622448921,0.748251736,11.84183693,12.67132854,196.0969391,207.0419617,351.663269,387.2657471,16.05330086,18.79571152,34.36224365,37.28671265,6006.887755,3292.608392,18.18828964,14.50283813,51.69897842,37.40559387,683570.1263,645100.741,121354.8733,54901.36111
8,0,8,NA,NA,-0.156242445,0.162760615,0.21861653,0.201910391,0.239883408,0.267935276,0.033867996,0.007088799,0.206876785,0.24231708,-0.135078445,0.347300112,0.343074977,0.214649558,0.229377925,0.33525306,-0.118519224,0.012347113,0.330928117,0.218877792,0.987844646,0.893654168,0.878105164,0.815459192,0.808264136,0.982492864,0.978794992,0.968605697,0.95266062,0.978147924,0.981687665,0.983654201,0.986169875,0.984048009,0.974538386,1,0.999999523,0.97337234,0.887002409,0.965855122,0.909152746,0.897005439,0.938753724,0.950767219,0.965152025,0.888936222,0.980108738,0.971492529,0.982940197,0.998403132,0.983264387,0.972972035,0.998270035,0.984336138,NA,NA,NA,NA,NA,NA,NA,NA,NA,NA,NA,NA,NA,NA,NA,NA,1.158196568,0.805846095,3.260189056,3.146460056,0.147156045,0.140456721,88.21882629,86.7674408,143.4527588,137.0162354,3.521972656,2.26992631,9.858629227,2.874110937,15.42582607,17.98781013,351.7300415,324.9497375,359.2224426,389.7941895,15.57133293,19.69169998,34.16046143,35.86086273,9836.928996,8456.274697,21.49628258,16.33537865,56.9935112,36.21081161,29580889.28,9246699.925,704010.3769,397902.6344,NA,NA,NA,NA,NA,NA,NA,NA,NA,NA,NA,NA,NA,NA,NA,NA,0.422227263,0.4055264,2.467628241,2.440270662,0.693567216,0.68326962,75.15306091,67.2937088,116.81633,106.2377625,1.295918345,1.293706298,0.260204077,0.265734255,1.867346883,0.993007004,13.16836739,14.79020977,218.5050964,241.8881073,392.5306091,439.1608276,18.61685181,22.45630836,39.75,43.88811111,6703.163265,3554.986014,20.51833725,16.82456398,59.83673477,44.29370499,2944488.622,1192699.036,211310.7349,135323.5254
9,0,9,NA,NA,-0.080467381,0.143258289,0.217555374,0.225117519,0.268176407,0.280836016,0.093184412,0.061124109,0.196880281,0.265194595,-0.011747098,0.344458133,0.343872398,0.220732033,0.240463018,0.338880241,-0.005450466,0.05778373,0.332259387,0.227707535,0.990082324,0.945395768,0.928924084,0.909894526,0.919054508,0.963773489,0.997531712,0.974978089,0.966859221,0.993584096,0.989238083,0.992238164,0.997198284,0.994552493,0.996674299,1,0.99999994,0.867381573,0.846761703,0.902994871,0.836306572,0.799394429,0.706805944,0.986418009,0.982056141,0.985727847,0.991997302,0.987934887,0.990143001,0.998286963,0.997147858,0.995805979,0.998654962,0.991369784,NA,NA,NA,NA,NA,NA,NA,NA,NA,NA,NA,NA,NA,NA,NA,NA,1.247786045,1.203018308,3.705151796,4.271871567,0.134199947,0.134576827,102.9058075,114.3950806,163.4236145,190.7131042,4.140048981,3.640281439,10.67030811,3.022568464,17.42532921,19.95652008,406.2927551,343.8713379,379.1303711,424.2937927,16.83680344,21.93459511,36.14517975,38.90874863,10145.79437,8517.69622,22.0037632,16.45249939,58.08450699,36.7714653,38190687.9,20993300.5,964619.0058,614859.3467,NA,NA,NA,NA,NA,NA,NA,NA,NA,NA,NA,NA,NA,NA,NA,NA,0.530154765,0.60642451,3.102510452,3.546780348,0.684685886,0.674039602,97.00510406,99.13986206,150.2755127,158.9930115,1.617346883,1.874125838,0.275510192,0.279720277,1.96938777,1.069930077,14.73469353,16.83916092,246.7959137,269.0909119,417.413269,479.5174866,20.44626617,25.41412544,43.34693909,49.13286591,6946.076531,3677.734266,21.43353844,17.46022606,62.48469543,46.16783142,3830060.42,3058242.357,323193.5787,226256.811
10,0,10,NA,NA,0.088222027,0.133353889,0.225139439,0.245243028,0.301212966,0.293414891,0.182099611,0.16867435,0.19548589,0.285000563,0.0991337,0.341099679,0.348385483,0.244847804,0.26819393,0.354738295,0.082133219,0.118673027,0.325445592,0.255445451,0.88736546,0.859635949,0.920650959,0.861945391,0.867214739,0.741430521,0.999672174,0.945295691,0.986865997,0.982916176,0.975301445,0.986569285,0.995861351,0.998028278,0.998886287,1,1,0.928774357,0.895074785,0.787717044,0.89447242,0.901744366,0.710294545,0.964579821,0.950105011,0.930997729,0.977064967,0.965479374,0.974915802,0.997421265,0.992356956,0.994642019,0.999195814,0.997336566,NA,NA,NA,NA,NA,NA,NA,NA,NA,NA,NA,NA,NA,NA,NA,NA,1.735565424,1.45627892,5.016093254,5.234897614,0.128772154,0.123394258,133.7675476,141.7392426,211.6926575,244.9377289,7.202496529,7.099925518,11.0085783,3.788327217,19.75695038,23.85438728,416.744812,431.2772217,407.4453735,493.4697266,18.52360153,25.42501831,38.47130203,43.31687164,10259.53131,8519.916057,22.01641464,16.27778435,58.70797348,36.50288773,20266158.13,17091505.65,1249631.961,835662.3762,NA,NA,NA,NA,NA,NA,NA,NA,NA,NA,NA,NA,NA,NA,NA,NA,0.794597268,0.890535712,4.588674545,5.211062908,0.675878108,0.659229398,138.3979645,150.6083984,215.1683655,244.384613,2.627551079,3.699300766,0.290816337,0.300699294,2.03061223,1.265734315,17.26020432,20.65035057,272.545929,336.1818237,459.709198,552.489502,23.11281967,30.38442421,47.8571434,57.23776245,7125.719388,3777.230769,21.86228561,18.00477982,63.65816498,47.45454407,1677780.724,2144367.475,451703.3098,323241.4436
11,0,11,0.482693493,0.348977089,0.140856415,0.133035481,0.209279582,0.231771424,0.285012871,0.281758785,0.236935541,0.189964056,0.178596735,0.273488104,0.205325946,0.312473416,0.329821378,0.248681024,0.273846835,0.330504775,0.179626957,0.202709258,0.297279537,0.257102489,0.859038234,0.804030657,0.766067505,0.681822002,0.634829462,0.644454181,0.999565959,0.880764365,0.888197422,0.972308934,0.962580025,0.978999376,0.99938345,0.998898983,0.99889183,1,1,0.686091304,0.776368439,0.641840219,0.66300267,0.631828845,0.497007489,0.915034533,0.944028616,0.960218489,0.977086306,0.970656812,0.975640059,0.996960163,0.989001155,0.988896668,0.999391675,0.999307871,11.85316563,13.22018909,6.501375198,7.175465107,16.42611694,11.0714426,11.24570465,9.916399956,9.459771156,11.51089764,8.989471436,10.26496983,2.01849556,2.986417055,0.071428575,0.376308918,2.800394058,2.160610676,6.28756094,6.838322639,0.108516552,0.111916296,162.0948181,166.391037,263.0237122,299.1390076,15.97766876,18.242239,11.12602615,4.492253304,27.27596664,27.64014816,566.0643921,479.7422791,457.6275635,559.4517212,21.44703293,29.34647751,42.92300415,49.46374893,10276.80488,8541.384277,21.94288635,16.01767159,58.49596405,35.89518356,53915969.05,39031261.87,3444342.431,1027842.57,40.99232101,36.0318985,43.51734543,41.64230728,70.3926239,74.13749695,79.83965302,78.5206604,74.99921417,74.43940735,30.21938705,29.98951149,19.78492928,19.48136711,24.99489784,24.96853065,2.054129839,1.986884713,8.307498932,9.174025536,0.654913902,0.625688314,275.4642944,292.3146973,433.2449036,487.7062988,9.892857552,14.58741283,0.306122452,0.321678311,2.107142925,1.531468511,23.33673477,26.31468582,357.7755127,410.4335632,555.4796143,667.1958008,28.81156349,37.41168213,57.51530457,69.30069733,7220.418367,3897.636364,22.18708992,18.66441345,64.72959137,49.1468544,5454872.596,5357389.979,782716.8808,405920.4748
12,1,1,NA,NA,NA,NA,NA,NA,0.036357928,NA,NA,-0.183016717,NA,0.042189684,NA,NA,NA,NA,0.280940711,NA,NA,-0.033290233,NA,0.326963753,NA,NA,NA,NA,NA,NA,NA,NA,NA,NA,NA,NA,NA,NA,NA,NA,NA,NA,NA,NA,NA,NA,NA,NA,NA,NA,NA,NA,NA,NA,NA,NA,NA,NA,NA,NA,NA,NA,NA,NA,NA,NA,NA,NA,NA,NA,NA,NA,NA,NA,NA,NA,0.275444746,0.369631499,NA,NA,NA,NA,NA,NA,NA,NA,0.073323555,0.086710997,1.126211405,1.274520278,14.71745396,15.94466686,41.35617447,40.06915665,1.403734684,1.573010683,3.021077633,3.506138325,NA,NA,NA,NA,NA,NA,NA,NA,NA,NA,NA,NA,NA,NA,NA,NA,NA,NA,NA,NA,NA,NA,NA,NA,NA,NA,NA,NA,0.06354823,0.084106393,NA,NA,NA,NA,NA,NA,NA,NA,0.005376344,0.007518797,0.005376344,0.007518797,0.322580636,0.421052635,2.865591288,4.218045235,16.19892502,16.09022522,0.61879766,0.754396796,1.489247322,1.781954885,NA,NA,NA,NA,NA,NA,NA,NA,NA,NA
13,1,2,NA,NA,0.289816946,NA,NA,0.124121815,0.153270066,NA,0.095813394,0.326753169,NA,0.142415985,-0.02018665,NA,NA,0.13170296,0.272675663,NA,0.378887713,-0.000965622,NA,0.270912558,NA,0.363665372,NA,NA,NA,NA,NA,0.533853352,0.811402261,0.540309429,0.582736552,0.646100283,NA,NA,NA,NA,NA,NA,0.135399833,NA,NA,NA,NA,NA,0.605147958,0.660175443,0.794240892,0.842682183,0.844061494,NA,NA,NA,NA,NA,NA,NA,NA,NA,NA,NA,NA,NA,NA,NA,NA,NA,NA,NA,NA,NA,0.137412176,0.147813544,0.400438517,0.582460284,0.190792546,0.153575137,11.49530029,9.663723946,17.0919323,14.31324482,0.44757086,0.444582075,0.238967553,0.149045721,2.787483931,3.091341257,45.40473557,42.20653915,111.1669083,103.9949188,3.663107157,4.179346085,8.163192749,9.197449684,NA,NA,NA,NA,NA,NA,NA,NA,NA,NA,NA,NA,NA,NA,NA,NA,NA,NA,NA,NA,NA,NA,NA,NA,NA,NA,0.035761438,0.022213079,0.09964709,0.176496923,0.697966039,0.647915184,3.096774101,3.473684311,4.790322781,5.278195381,0.102150537,0.082706764,0.043010753,0.022556391,0.048387095,0.022556391,1.279569864,1.669172883,14.38709641,18.95488739,91.89785004,94.06767273,3.213564634,3.635540247,6.989247322,7.857142925,NA,NA,NA,NA,NA,NA,NA,NA,NA,NA
14,1,3,NA,NA,0.215765446,NA,NA,0.083647899,0.142911851,NA,0.043560512,0.13284865,NA,0.133813128,0.048816256,NA,NA,0.101880558,0.250482708,NA,0.43668896,0.041806139,NA,0.242117524,NA,0.917140245,0.872512877,0.837310493,0.793596148,1,1,0.751722038,0.836624742,0.903790772,0.919759512,0.923941672,NA,NA,NA,NA,NA,NA,0.858130455,0.855373085,0.683368087,0.632620335,0.872871578,NA,0.843918502,0.869462848,0.892124116,0.932147264,0.930553615,NA,NA,NA,NA,NA,NA,NA,NA,NA,NA,NA,NA,NA,NA,NA,NA,NA,NA,NA,NA,NA,0.165481672,0.100329064,0.659882188,1.194689393,0.175824851,0.180060104,22.69283485,27.21857452,34.51200104,40.92364502,0.655116439,0.601035774,0.37554571,0.298091441,4.705583572,4.935584068,64.75453186,86.49713898,160.7535858,147.2146759,5.607469559,6.370458126,11.59370327,13.93845272,NA,NA,NA,NA,NA,NA,NA,NA,NA,NA,NA,NA,NA,NA,NA,NA,NA,NA,NA,NA,NA,NA,NA,NA,NA,NA,0.036650788,0.020341242,0.249724582,0.404825479,0.713612735,0.68368113,9.155914307,10.81202984,14.09139824,16.75939941,0.215053767,0.157894731,0.048387095,0.030075189,0.069892474,0.045112781,2.473118305,2.79699254,26.2688179,36.60902405,149.9085999,157.6691742,5.500594616,6.319845676,11.35483837,13.17293262,NA,NA,NA,NA,NA,NA,NA,NA,NA,NA
15,1,4,NA,NA,0.193048403,NA,NA,0.105313495,0.160704866,NA,-0.028551014,0.169916704,NA,0.145099923,0.131713957,NA,NA,0.075765617,0.229444161,NA,-0.016984776,0.119951077,NA,0.213538975,1,0.849384844,0.903796077,0.840176821,0.820386708,1,0.919018269,0.889790297,0.823844373,0.970432699,0.953740358,0.958748162,NA,NA,NA,NA,NA,1,0.929392338,0.926130652,0.910647631,0.893016517,1,1,0.809627116,0.853299797,0.964069605,0.966416538,0.977118552,NA,NA,NA,NA,NA,NA,NA,NA,NA,NA,NA,NA,NA,NA,NA,NA,NA,NA,NA,NA,NA,0.165825829,0.158199966,1.076265812,1.608399987,0.171726316,0.173653767,36.81447983,38.11622238,55.97705841,58.39564896,0.661934674,0.762306929,0.437722832,0.298091441,7.584701538,7.787637711,91.76506042,175.3540039,192.8076324,179.8480988,7.311903477,8.546100616,14.63055038,17.88704681,NA,NA,NA,NA,NA,NA,NA,NA,NA,NA,NA,NA,NA,NA,NA,NA,NA,NA,NA,NA,NA,NA,NA,NA,NA,NA,0.038775623,0.048366487,0.452695549,0.6490888,0.692123115,0.671416998,16.56989288,16.95488739,25.59677505,26.75188065,0.231182799,0.2781955,0.059139784,0.030075189,0.091397852,0.045112781,3.913978577,4.383458614,40.32795715,62.79699326,184.6666718,200.3157959,7.486123085,8.776620865,15.03225803,17.54887199,NA,NA,NA,NA,NA,NA,NA,NA,NA,NA
16,1,5,NA,NA,0.322394818,0.240531787,0.241696894,0.19712171,0.214726299,0.220918998,0.099187151,0.282941431,0.212941781,0.193002254,0.143452808,0.426896453,0.41846174,0.184585288,0.300229996,0.446583152,0.284384549,0.113951318,0.395636916,0.292937666,0.905608892,0.841368258,0.840775013,0.922317147,0.907652617,0.730865002,0.983909786,0.880599678,0.731681526,0.916663229,0.911381066,0.899074972,NA,NA,NA,NA,NA,0.62131691,0.958447874,0.6868577,0.914375842,0.90188098,0.58883971,0.870388269,0.852225065,0.837973535,0.911971927,0.95095551,0.940750182,NA,NA,NA,NA,NA,NA,NA,NA,NA,NA,NA,NA,NA,NA,NA,NA,NA,NA,NA,NA,NA,0.304649949,0.416433305,1.482295394,2.262227058,0.140292794,0.169243142,47.42794037,53.60822678,72.42406464,86.29675293,1.272847056,1.645571709,1.422899842,0.774758458,11.02718639,11.11745739,163.15979,242.9441986,253.2661285,241.6719666,10.12718296,11.44353867,21.1748867,23.48094177,5136.041291,2037.695995,10.17311001,7.832902908,37.49006271,20.51011848,4296.031692,1509.129946,4936.454692,4719.767162,NA,NA,NA,NA,NA,NA,NA,NA,NA,NA,NA,NA,NA,NA,NA,NA,0.107463814,0.168832645,0.814315379,1.13405323,0.679097176,0.661681116,27.0376339,31.7142849,41.29032135,51.4736824,0.435483873,0.669172943,0.166666672,0.120300755,0.39784947,0.225563914,8.182795525,9.19548893,118.4623642,168.6315765,272.3817139,298.9924927,11.17031002,12.81801605,22.3064518,25.75188065,2525.822581,1135.864662,7.894203663,6.918124199,25.52688217,20.23308182,6347.143646,5802.131783,2678.955224,1618.392857
17,1,6,NA,NA,0.064263321,0.258594304,0.239716902,0.148450047,0.154634729,0.221156418,-0.326382875,0.165134698,0.225471944,0.141998187,0.081541345,0.407802939,0.39374426,0.17358613,0.277506292,0.409896195,0.198288396,0.062123146,0.383957624,0.27066642,0.919291377,0.913293481,0.886453748,0.914183855,0.913032651,0.92046839,0.927453339,0.942602277,0.93603307,0.967914224,0.964573085,0.958328664,0.924291611,0.928864956,0.94005841,0.281240016,0.98678416,0.991620421,0.947360754,0.847927511,0.872968733,0.841719151,0.799800098,0.812462807,0.958763778,0.949873745,0.960080862,0.97247386,0.957625449,0.812767625,0.858281434,0.888166606,0.177916408,0.748549581,NA,NA,NA,NA,NA,NA,NA,NA,NA,NA,NA,NA,NA,NA,NA,NA,0.515084207,0.551174581,1.885035157,3.11131525,0.150714576,0.14886573,55.21226501,65.00809479,85.16482544,108.0776825,1.80438292,2.114866257,2.519006491,0.941862047,12.20386887,13.02955914,184.5656281,283.7842407,299.6025085,287.9054871,12.3811121,14.09014225,27.09220123,29.44325829,7901.533672,3476.393845,14.3490324,12.28424835,48.93701172,30.84844589,202526.8854,15672.43488,43868.28322,24743.51749,NA,NA,NA,NA,NA,NA,NA,NA,NA,NA,NA,NA,NA,NA,NA,NA,0.208837003,0.252740532,1.25504303,1.728461146,0.695166767,0.665857911,40.01612854,48.4511261,60.89247131,79.0977478,0.709677398,0.932330847,0.209677413,0.150375932,0.715053737,0.323308259,9.973117828,11.13533878,142.7849426,205.3007507,321.5860291,355.2706909,13.84771442,15.94317627,28.62365532,33.06015015,4531.623656,2347.135338,12.56550503,12.35516834,39.08064651,33.27819443,47685.68681,15603.10078,25697.46667,15134.57609
18,1,7,NA,NA,-0.023376023,0.196709692,0.200996757,0.156674877,0.143218517,0.194292933,-0.40043819,0.08948309,0.189059213,0.137600735,0.097275682,0.366324484,0.348113477,0.164999813,0.264318854,0.375087798,0.1847094,0.08733131,0.337509423,0.253107101,0.975370049,0.946484208,0.987909019,0.952023983,0.945497453,0.975036502,0.989682972,0.956733584,0.923236072,0.984927893,0.983852863,0.986844301,0.975341141,0.969989359,0.984126568,0.995106041,0.99123764,0.996193886,0.978402793,0.918785691,0.906873167,0.919686139,0.97509706,0.987615585,0.968191326,0.965991437,0.987461746,0.985298038,0.982445419,0.943928063,0.938592196,0.961299419,0.959734142,0.936205089,NA,NA,NA,NA,NA,NA,NA,NA,NA,NA,NA,NA,NA,NA,NA,NA,0.528753042,0.5591501,2.288989782,3.215396881,0.154530942,0.146634668,65.21936798,70.85337067,101.7808914,122.3231277,1.88896215,2.31075716,2.677470207,1.012959957,13.27444839,14.22395611,212.1520996,303.6554565,328.9755554,309.614563,13.74893761,15.85096645,30.08711815,34.30600739,8477.479101,4294.931824,15.40982628,15.22829628,53.39792633,36.27225113,408493.1223,37437.46495,127649.9034,87554.96654,NA,NA,NA,NA,NA,NA,NA,NA,NA,NA,NA,NA,NA,NA,NA,NA,0.230654925,0.281251669,1.52712822,2.021658897,0.693481743,0.670349896,48.66128922,59.8345871,74.86559296,98.45864868,0.758064508,1.127819538,0.220430106,0.172932327,0.795698941,0.383458644,11.1935482,12.16541386,161.2257996,224.9699249,352.2419434,382.6466064,15.59568691,17.83057976,32.47849274,37.46616364,5262.123656,2939.992481,14.6757555,15.14238358,44.86559296,40.49623871,93909.96154,26622.90698,71086.39855,52288.16
19,1,8,NA,NA,-0.047382683,0.176293373,0.199473917,0.191722915,0.140934914,0.19618465,-0.387736857,0.03057508,0.192540109,0.141742259,0.164498687,0.358011693,0.334341228,0.180856258,0.29107967,0.369116962,0.222849309,0.157076925,0.304999232,0.270957321,0.95929271,0.924153864,0.962084591,0.921001554,0.921152413,0.957585454,0.992153764,0.952698112,0.951435983,0.987217307,0.97851181,0.981958747,0.980719566,0.944965243,0.967821538,0.999379098,0.98120445,0.86787802,0.930023015,0.91442734,0.880933464,0.898429215,0.818711519,0.624536812,0.976784408,0.985924304,0.986577749,0.9900648,0.992234886,0.984653473,0.973178625,0.97190994,0.985393882,0.957004786,NA,NA,NA,NA,NA,NA,NA,NA,NA,NA,NA,NA,NA,NA,NA,NA,0.620511115,0.941931248,2.925421,3.562439919,0.150785357,0.14356488,80.66619873,91.23410034,127.4767303,152.0509796,2.071891546,3.815089703,3.007401466,1.564770818,15.09687901,15.74818611,238.568985,342.0377502,354.559845,337.2076416,15.65178967,17.91463661,34.8176651,38.79417419,9302.278763,4701.374435,16.98522949,16.81477737,59.85639954,39.22460556,616865.2434,58190.26542,273956.7905,200708.4967,NA,NA,NA,NA,NA,NA,NA,NA,NA,NA,NA,NA,NA,NA,NA,NA,0.267512977,0.418075323,2.058684826,2.664618731,0.691278815,0.666983068,65.23655701,79.07518768,101.0483856,129.233078,0.876344085,1.503759384,0.247311831,0.187969923,0.935483873,0.51879698,12.81182766,13.56390953,180.6397858,246.6842041,391.7204285,423.5413513,18.29055214,20.5110054,38.28494644,42.93233109,5888.860215,3279.345865,17.07034302,17.51106453,52.89247131,47.62406158,142258.1593,41820.35659,141821.3487,110253.8571
20,1,9,NA,NA,-0.016820081,0.194770306,0.218633756,0.210935965,0.148667186,0.210419223,-0.2527107,0.039733671,0.206680521,0.14354822,0.221794873,0.355866939,0.334924728,0.189954013,0.301005572,0.359839112,0.182761684,0.225387424,0.29904449,0.272006154,0.96753639,0.904331863,0.921995103,0.887721837,0.890071929,0.915699303,0.998412073,0.953060031,0.966800869,0.992910326,0.98434931,0.989815474,0.99216944,0.982468724,0.99638927,0.999836504,0.945558786,0.972971976,0.888286471,0.857952952,0.793067873,0.725715339,0.980060875,0.993281484,0.967129648,0.990308404,0.98854351,0.988575578,0.990685999,0.998631358,0.994446993,0.994148493,0.997760832,0.977897167,NA,NA,NA,NA,NA,NA,NA,NA,NA,NA,NA,NA,NA,NA,NA,NA,0.792533815,1.240049958,3.661921024,3.991547108,0.145614967,0.13321811,102.3826752,106.7151566,157.0776215,188.2446442,2.479605913,4.48430872,3.083140373,1.630724311,17.10049629,17.52350616,286.6986084,364.4873657,373.9414673,369.6211548,17.24724388,19.91392708,37.64019775,42.21264648,9490.767772,4726.482724,17.92593765,17.2670536,61.38196182,39.48179626,828098.6131,79838.53235,664263.9773,345806.6002,NA,NA,NA,NA,NA,NA,NA,NA,NA,NA,NA,NA,NA,NA,NA,NA,0.347951889,0.578157127,2.812019825,3.488875389,0.686156273,0.65884316,90.3010788,106.6466141,139.4193573,176,1.05376339,1.932330847,0.247311831,0.187969923,0.95161289,0.541353405,14.32795715,15.39097786,200.3010712,271,419.5484009,455.6842041,20.40128708,22.83041,42.41397858,47.33834457,6218.903226,3392.721805,18.10817719,18.26934242,55.63978577,49.77443695,192464.8132,59774.89147,266026.9758,191990.4786
21,1,10,NA,NA,0.157578543,0.2021413,0.243565887,0.27474013,0.206669435,0.227986455,-0.047348835,0.17437245,0.202580705,0.180102304,0.298382074,0.349100113,0.351439059,0.205496877,0.323282629,0.350525588,0.260512888,0.318275839,0.287580252,0.274531811,0.819426835,0.849297285,0.864766479,0.781888604,0.713083327,0.81160289,0.997683644,0.964422584,0.962555408,0.981026053,0.974053085,0.986745059,0.996191204,0.997077286,0.997677863,0.999965608,0.983934224,0.865775704,0.848682106,0.877183735,0.801054716,0.832675695,0.701098919,0.939951122,0.94560492,0.953079283,0.980440736,0.981037974,0.98597765,0.993600547,0.996998072,0.997626603,0.999516726,0.986535013,NA,NA,NA,NA,NA,NA,NA,NA,NA,NA,NA,NA,NA,NA,NA,NA,1.023083687,1.921616435,4.396896362,5.472773075,0.126662925,0.113806017,136.3160706,141.6673431,221.250946,232.7676392,3.409510374,7.83339262,3.182650566,1.928016543,20.276577,20.71967506,320.7066345,423.2205505,404.9743042,423.0692444,19.78249168,23.12795639,41.40729523,46.02735138,9865.483676,4736.894964,18.17570114,17.1469841,63.19692993,39.14790726,1038149.786,102626.3918,2118042.226,508252.1438,NA,NA,NA,NA,NA,NA,NA,NA,NA,NA,NA,NA,NA,NA,NA,NA,0.546946287,0.893087447,4.301835537,5.528507233,0.663714647,0.643330574,143.8709717,165.1578979,227.6881714,267.4060059,1.645161271,3.263157845,0.252688169,0.195488721,0.978494644,0.63909775,16.79032326,18.72932243,235.026886,323.1278076,467.3602295,512.6616821,23.72656631,26.56132507,47.94086075,53.72932434,6400.83871,3491.75188,18.55632973,18.70451546,57.11290359,50.95488739,243281.1868,79056.86822,538996.9029,282193.7541
22,1,11,0.417497963,0.333778381,0.160288408,0.205299899,0.223829389,0.266062707,0.202942759,0.216349691,0.115549564,0.194395736,0.184236273,0.181365296,0.235147893,0.33049044,0.32730329,0.159036249,0.274675876,0.312264025,0.10208261,0.264389455,0.275473595,0.231373087,0.721361279,0.797696948,0.765703082,0.709680915,0.615021527,0.484538555,0.996542871,0.843972504,0.778542578,0.968828082,0.967345595,0.981347382,0.997950613,0.991042018,0.99820894,0.999990284,0.987401605,0.590970278,0.86192745,0.875558436,0.787611783,0.781475961,0.611078203,0.988423526,0.843222439,0.687777519,0.944985449,0.964543343,0.97689867,0.999376833,0.998406708,0.996888041,0.999860227,0.994209766,10.94937801,12.64437771,6.390275478,7.71889019,14.80979347,13.84248734,10.54614735,10.99226665,9.275927544,11.31704235,8.87413311,9.012535095,2.077346563,3.55829978,NA,1.820930958,2.064353943,3.485666752,5.043087482,6.318741798,0.10825178,0.108232334,161.0043793,158.2876129,276.8930359,271.4949036,14.74239922,15.92360783,3.365810871,2.190099716,25.64147186,33.09690094,448.6321106,1071.846924,464.9518433,515.9234619,23.19397354,26.48448372,46.07098007,50.0369339,10272.12173,4731.147159,18.61020088,16.99276733,64.67286682,38.73769379,1766720.56,120965.521,4557347.955,668725.7419,41.59207153,36.18264008,43.50914001,42.09360886,71.29277802,71.15026093,79.74090576,78.75765991,75.07759094,72.93106842,30.30806541,28.78082657,19.76952934,19.30813599,25,24.84210587,1.39174819,2.364432335,7.438994408,8.904975891,0.63823235,0.633775234,266.2365723,287.2105408,433.2849426,467.3984985,8.236558914,11.6541357,0.268817216,0.210526317,1.032258034,0.714285731,22.9623661,27.61654091,342.6559143,508.9849548,565.9408569,641.0526123,29.51273537,32.85039902,57.27419281,63.84210587,6532.849462,3545.097744,19.07294846,19.04974556,58.41935349,52.1654129,381859.4754,95795.51938,912517.7857,364374.9055
23,2,1,NA,NA,NA,NA,NA,NA,0.069976516,NA,NA,0.335478842,NA,0.03848106,NA,NA,NA,NA,-0.002289642,NA,NA,-0.275157988,NA,0.026662385,NA,NA,NA,NA,NA,NA,NA,NA,NA,NA,NA,NA,NA,NA,NA,NA,NA,NA,NA,NA,NA,NA,NA,NA,NA,NA,NA,NA,NA,NA,NA,NA,NA,NA,NA,NA,NA,NA,NA,NA,NA,NA,NA,NA,NA,NA,NA,NA,NA,NA,NA,NA,0.205616921,0.341487974,NA,NA,NA,NA,NA,NA,NA,NA,0.071247049,0.119945683,1.241066694,1.575693369,17.72493553,24.41159821,32.62874603,38.37187576,1.560679436,1.736228585,3.327033043,3.532023907,NA,NA,NA,NA,NA,NA,NA,NA,NA,NA,NA,NA,NA,NA,NA,NA,NA,NA,NA,NA,NA,NA,NA,NA,NA,NA,NA,NA,0.055374097,0.098605536,NA,NA,NA,NA,NA,NA,NA,NA,0.005076142,0.014492754,0.005076142,0.014492754,0.33502537,0.449275374,4.01015234,5.0289855,11.56345177,18.12318802,0.594080985,0.809358239,1.32994926,1.811594248,NA,NA,NA,NA,NA,NA,NA,NA,NA,NA
24,2,2,NA,NA,0.168200672,NA,NA,0.096583016,0.058633145,NA,0.19538863,0.178661361,NA,0.039074052,-0.139402047,NA,NA,0.048568092,0.06702739,NA,0.729706764,-0.197969958,NA,0.071140647,NA,0.166764915,NA,NA,NA,NA,NA,0.709500194,0.71390897,0.550341666,0.732986867,0.745474339,NA,NA,NA,NA,NA,NA,-0.069772519,NA,NA,NA,NA,NA,0.813463807,0.827503622,0.518620253,0.772563994,0.721592367,NA,NA,NA,NA,NA,NA,NA,NA,NA,NA,NA,NA,NA,NA,NA,NA,NA,NA,NA,NA,NA,0.191704512,0.124112204,0.327445745,0.380030811,0.179773882,0.171954259,11.90911865,13.62283039,18.10925102,24.29011154,0.435465455,0.377624452,0.251381755,0.168376923,2.73281908,3.116526365,44.70029068,48.28852844,111.2041092,99.61006927,3.845606804,3.794227362,8.326192856,8.477710724,NA,NA,NA,NA,NA,NA,NA,NA,NA,NA,NA,NA,NA,NA,NA,NA,NA,NA,NA,NA,NA,NA,NA,NA,NA,NA,0.040237021,0.024246227,0.102742776,0.114313573,0.73651123,0.625881791,3.690355301,3.666666746,5.487309456,6.347826004,0.0964467,0.057971016,0.05076142,0.028985508,0.055837564,0.028985508,1.238578677,1.615942001,15.22842598,19.63043404,93.49238586,105.9492722,3.30449295,3.923368454,7.258883476,8.710144997,NA,NA,NA,NA,NA,NA,NA,NA,NA,NA
25,2,3,NA,NA,-0.077681705,NA,NA,0.134184375,0.113353401,NA,-0.259541422,0.097247288,NA,0.094560385,-0.119429722,NA,NA,0.162712619,0.187295496,NA,-0.388904244,-0.098437935,NA,0.187503681,NA,0.892310381,0.890180051,0.825062335,0.817750096,1,1,0.870296657,0.90411371,0.914068699,0.907049894,0.906323791,NA,NA,NA,NA,NA,NA,0.750572562,0.867674887,0.861125171,0.899761498,1,NA,0.804719865,0.839718759,0.880664468,0.870104134,0.896622539,NA,NA,NA,NA,NA,NA,NA,NA,NA,NA,NA,NA,NA,NA,NA,NA,NA,NA,NA,NA,NA,0.133773699,0.188665882,0.781296194,0.766781032,0.190621197,0.166350842,27.38027,26.01496124,40.96002579,46.10426712,0.643964052,0.649683177,0.268614471,0.168376923,5.422781467,4.888825417,71.54237366,92.90505981,149.9570313,155.1572418,5.809484959,6.05498457,12.15229988,11.95456886,NA,NA,NA,NA,NA,NA,NA,NA,NA,NA,NA,NA,NA,NA,NA,NA,NA,NA,NA,NA,NA,NA,NA,NA,NA,NA,0.033518605,0.045003459,0.257425994,0.286312521,0.725381434,0.614346325,9.644670486,9.26086998,14.20304585,16.13043404,0.197969541,0.173913047,0.060913704,0.028985508,0.065989845,0.028985508,2.36548233,2.862318754,28.78680229,37.34057999,146.9137115,178.5,5.427126884,7.029517174,11.53807068,14.210145,NA,NA,NA,NA,NA,NA,NA,NA,NA,NA
26,2,4,NA,NA,0.02985668,NA,NA,0.135322616,0.107433759,NA,-0.119667985,0.165848479,NA,0.078728005,0.110564396,NA,NA,0.12774691,0.195589453,NA,-0.331507027,0.064974718,NA,0.193218976,1,0.742059112,0.75009495,0.737399817,0.749778032,0.972930193,1,0.914173424,0.8812626,0.963055849,0.943636656,0.942770779,NA,NA,NA,NA,NA,0.967195809,0.888506234,0.842669368,0.844695508,0.812756956,1,NA,0.867855668,0.837238848,0.948402822,0.938929439,0.953367054,NA,NA,NA,NA,NA,NA,NA,NA,NA,NA,NA,NA,NA,NA,NA,NA,NA,NA,NA,NA,NA,0.150140449,0.265857339,1.19544816,1.132397175,0.18284899,0.167584151,43.84636307,42.02765656,65.14933014,71.56520081,0.733003497,0.806360245,0.291901827,0.168376923,7.741732597,6.876450539,128.6215057,142.7683105,177.1338348,184.2798309,7.658675671,7.947593212,15.66450214,14.82057476,NA,NA,NA,NA,NA,NA,NA,NA,NA,NA,NA,NA,NA,NA,NA,NA,NA,NA,NA,NA,NA,NA,NA,NA,NA,NA,0.047214393,0.081122033,0.470823109,0.517470121,0.68318063,0.62870574,17.61421394,18.52898598,26.50253868,31.25362396,0.253807098,0.268115938,0.076142132,0.028985508,0.081218272,0.028985508,3.522842646,4.253623009,48.08121872,60.20289993,181.6751251,225.1594238,7.242209435,9.621415138,14.96954346,18.68115997,NA,NA,NA,NA,NA,NA,NA,NA,NA,NA
27,2,5,NA,NA,0.145258293,0.243386686,0.204086408,0.237551451,0.160664439,0.192675635,0.245259479,0.141395152,0.175861835,0.134444073,0.076124527,0.18834728,0.224079832,0.167002216,0.23391059,0.296190977,-0.306291163,0.102294698,0.206263259,0.229601026,0.700735092,0.927382112,0.866896391,0.93999505,0.932792544,0.646964431,0.792669177,0.934116364,0.851291597,0.647824466,0.867378235,0.794820309,NA,NA,NA,NA,NA,0.774677634,0.790573001,0.822662175,0.855442345,0.852944434,0.139898211,NA,0.875498772,0.84571439,0.910583377,0.919284642,0.88511759,NA,NA,NA,NA,NA,NA,NA,NA,NA,NA,NA,NA,NA,NA,NA,NA,NA,NA,NA,NA,NA,0.436182678,0.333404034,1.744205713,1.849758267,0.162395909,0.15618819,59.11345673,58.75449753,90.15300751,100.8275452,1.533999443,1.415428638,4.167700768,1.450257778,10.48333168,10.2148428,199.2967377,236.6775818,398.8616333,234.8700256,11.82733154,10.7521143,27.50886536,19.88405991,5430.608104,2504.609929,12.52183151,7.021147251,42.49259567,24.13346672,2135.577152,1549.123556,27998.91849,2446.943237,NA,NA,NA,NA,NA,NA,NA,NA,NA,NA,NA,NA,NA,NA,NA,NA,0.14041619,0.138013139,0.871456861,1.102588177,0.683136463,0.637946606,31.3451786,36.15942001,47.80710602,60.61594391,0.512690365,0.51449275,0.167512685,0.144927531,0.791878164,0.449275374,7.619289398,9.340579987,138.1776581,162.0797119,298.0761414,327.3333435,11.32828808,14.25592518,24.04568481,27.49275398,3106.248731,1262.949275,8.724330902,6.569463253,27.63451767,19.74637604,5902.73545,5785.090909,8325.2,1485.574468
28,2,6,NA,NA,0.112693399,0.22940129,0.227269113,0.285466313,0.207797468,0.238263667,0.181303084,0.142965481,0.204832733,0.187176928,0.031008536,0.269246191,0.247847214,0.143454343,0.223676637,0.303986758,-0.273068368,0.077128619,0.221776292,0.215821847,0.982674241,0.836732209,0.815911353,0.867643356,0.869887412,0.8156299,0.996246278,0.964618921,0.939318955,0.988543212,0.970153153,0.959532738,0.804570556,0.861731052,0.935348928,0.667046785,0.79109019,1,0.881033301,0.95647049,0.92505908,0.928315043,0.513973475,0.913409948,0.936085105,0.92460686,0.962432921,0.966544986,0.957195103,0.832139611,0.817752063,0.927269161,0.510482907,0.956354022,NA,NA,NA,NA,NA,NA,NA,NA,NA,NA,NA,NA,NA,NA,NA,NA,0.550153017,0.620928645,2.126504898,2.34402442,0.156448066,0.157249257,70.78795624,68.83174896,107.558342,115.4186249,1.960119843,2.541561842,4.599065304,1.690728664,11.4734726,12.34568787,224.42453,293.5940552,448.976532,257.6535034,14.42100525,12.57667923,34.07030487,23.09796906,8669.930069,3700.846307,19.66971207,10.20468044,56.77721024,32.25564194,8488.191946,15475.88956,227288.4944,23315.67603,NA,NA,NA,NA,NA,NA,NA,NA,NA,NA,NA,NA,NA,NA,NA,NA,0.246763706,0.304789901,1.37700963,1.668159962,0.681359828,0.667231202,46.50761414,53.68115997,71.22335052,88.17391205,0.786802053,0.913043499,0.197969541,0.166666672,0.959390879,0.579710126,9.329949379,11.65942001,169.8071136,213.5434723,357.2233582,384.8695679,14.58416557,17.36577988,32.10152435,34.19565201,5785.15736,2375.826087,15.68930149,11.43020821,45.30456924,31.28985596,13225.21354,14626.54478,66890.6087,13418.02353
29,2,7,NA,NA,0.148915082,0.115580678,0.142685905,0.272928208,0.21078752,0.19754079,0.212543979,0.148947805,0.11932873,0.198969588,0.011734402,0.254608691,0.228203997,0.074536212,0.176481158,0.2632792,-0.277218342,0.064975731,0.220519766,0.173572257,0.976189792,0.970905542,0.917634189,0.958791494,0.95676136,0.890642464,0.998581469,0.990127683,0.981974423,0.99179256,0.973227561,0.946926415,0.976338804,0.937170088,0.985107601,0.929590642,0.645823538,0.974473,0.952123761,0.926604629,0.970407307,0.970568597,0.992736042,0.9496333,0.96115613,0.967058837,0.974465132,0.960424662,0.919949353,0.948435664,0.903247178,0.948260486,0.991054595,0.943118513,NA,NA,NA,NA,NA,NA,NA,NA,NA,NA,NA,NA,NA,NA,NA,NA,0.677227974,0.703018427,2.348798513,2.641984224,0.154211462,0.151092887,79.25538635,74.27346802,120.3094101,125.3312836,2.432237148,2.665370464,4.641688347,2.017326832,11.99014759,14.61425591,230.4062653,326.0035706,464.8670654,281.0746155,16.44555473,14.65644264,41.76863098,27.12669563,9338.03937,4387.052509,24.65026283,12.68156528,62.8133812,38.04784012,15700.17502,30178.1435,477923.304,77131.92989,NA,NA,NA,NA,NA,NA,NA,NA,NA,NA,NA,NA,NA,NA,NA,NA,0.294901282,0.36066699,1.635182142,2.047745943,0.678969026,0.655732572,56.04060745,63.76086807,85.74619293,105.4710159,0.949238598,1.072463751,0.213197976,0.181159422,1.025380731,0.724637687,10.04060936,13.28260899,180.4822388,243.1666718,388.8070984,425.6521606,16.53919029,20.04821587,37.23350143,39.84057999,6621.456853,2900.217391,19.15681839,14.24389458,53.30964279,39.47826004,20938.97409,24194.59701,169121.719,40478.68367
30,2,8,NA,NA,0.218647465,0.119464964,0.140381798,0.283493549,0.215501606,0.195824057,0.125780463,0.18562898,0.111501992,0.200559199,0.100823998,0.222875819,0.214807719,0.097212568,0.210332155,0.253488898,-0.123006962,0.143568486,0.19413875,0.201202661,0.895168602,0.944600046,0.886887431,0.948867679,0.946444571,0.919829845,0.999130905,0.94874543,0.97424078,0.9937976,0.986950636,0.988742232,0.973966062,0.988115132,0.979293466,0.968321085,0.51000005,0.770727694,0.910453439,0.849124849,0.909590542,0.932491958,0.640314043,0.952975392,0.970107019,0.983850658,0.978478253,0.977388501,0.969137132,0.989081681,0.969733179,0.973127902,0.989797115,0.959625185,NA,NA,NA,NA,NA,NA,NA,NA,NA,NA,NA,NA,NA,NA,NA,NA,0.98486954,0.903497577,2.784068346,3.138982296,0.15377441,0.152397707,95.39012909,88.7750473,144.9839783,144.9812622,3.219739914,4.006797791,4.697946548,2.203458786,13.6190052,16.12046814,245.1277008,370.4558411,488.2549133,314.5827026,18.57336235,17.04072952,46.67162323,31.929842,9917.027046,4711.428738,26.3298912,13.5566597,70.4249115,41.45256042,25813.08156,47090.61409,8848664.558,141017.2539,NA,NA,NA,NA,NA,NA,NA,NA,NA,NA,NA,NA,NA,NA,NA,NA,0.414694369,0.48025319,2.109243631,2.675133228,0.67715472,0.64490515,72.15736389,83.32608795,110.218277,135.9492798,1.203045726,1.586956501,0.233502537,0.210144922,1.076142073,0.833333313,11.32994938,14.92028999,196.5736084,270.3478394,423.1979675,475.8333435,19.24410439,23.3739872,43.60406113,46.94202805,7295.903553,3148.73913,21.40975952,16.33995438,61.53299332,46.23913193,32386.38342,36646.52985,1023908.824,79008.79817
31,2,9,NA,NA,0.237510204,0.116533041,0.144602865,0.295293808,0.232715562,0.202253714,0.153701454,0.223848611,0.107632488,0.211667329,0.137975752,0.222383946,0.230463952,0.144883379,0.239799827,0.259145468,-0.089934357,0.178921551,0.192801848,0.226304695,0.964193225,0.937739551,0.919520974,0.953134418,0.946292698,0.971943676,0.999739826,0.954389393,0.930222034,0.991388917,0.986354887,0.993027985,0.998032749,0.995521367,0.997075856,0.984264374,0.959312618,0.989619911,0.92271471,0.967570961,0.927851975,0.916567028,0.956686854,0.92910403,0.974972785,0.978107691,0.986666441,0.976413727,0.979488313,0.994749546,0.988639653,0.990127087,0.994642913,0.945922017,NA,NA,NA,NA,NA,NA,NA,NA,NA,NA,NA,NA,NA,NA,NA,NA,1.272211909,0.958098948,3.232663631,4.091571331,0.142697871,0.141131908,110.6459274,110.0291824,167.2683258,177.2694702,4.135379791,4.815439701,4.722689152,2.47548008,15.58065796,19.67741203,281.7938538,432.0909119,516.4676514,340.1925354,20.37752914,20.39196968,50.24707794,35.75764465,10056.89532,4822.50632,26.66345024,13.55517578,72.97371674,42.42605591,39769.45065,64716.38716,16526774.05,227720.448,NA,NA,NA,NA,NA,NA,NA,NA,NA,NA,NA,NA,NA,NA,NA,NA,0.507386446,0.560285389,2.718018055,3.475683212,0.673031747,0.648359001,91.77664948,106.644928,140.8984833,174.217392,1.416243672,2.036231995,0.243654817,0.224637687,1.111675143,0.942028999,12.90862942,16.81884003,219.1827393,295.4420166,455.6091309,514.7318726,21.40017128,26.40155411,47.91878128,52.58695602,7514.238579,3320.130435,22.21436691,17.44834328,64.28426361,49.56521606,45990.71503,50482.65672,1866065.497,127218.375
32,2,10,NA,NA,0.271769106,0.118922524,0.155436039,0.32467407,0.26327908,0.215595812,0.174631447,0.231421441,0.111352347,0.229664609,0.210858747,0.198401719,0.228905246,0.194977671,0.300762028,0.290222198,0.138908759,0.245934829,0.164920807,0.277074486,0.968321443,0.829208374,0.817377329,0.862651885,0.839613795,0.949037671,1,0.956108451,0.978255272,0.987990499,0.982171357,0.989459455,0.997275412,0.99842602,0.998554289,0.992515028,0.998610198,0.738155842,0.859738231,0.883574784,0.84166795,0.816888869,0.878635824,0.996074677,0.947032332,0.912815154,0.978746235,0.977891266,0.970276356,0.996810198,0.976764798,0.995895505,0.996188581,0.982097208,NA,NA,NA,NA,NA,NA,NA,NA,NA,NA,NA,NA,NA,NA,NA,NA,1.621338725,1.374939919,4.078078747,6.04142189,0.128545016,0.135633484,140.2746887,153.708252,215.4984741,255.4860992,5.674508095,7.333511353,4.723922729,2.532983541,18.25157166,21.80606651,313.619751,476.9349365,536.1644897,351.036377,22.23910522,21.61660957,53.01454926,38.39724731,10062.23096,4840.26506,26.61840057,13.38371563,73.85901642,42.25557709,55550.24821,81089.23827,2858682.642,347912.4702,NA,NA,NA,NA,NA,NA,NA,NA,NA,NA,NA,NA,NA,NA,NA,NA,0.801337898,0.911819279,4.064249039,5.989812374,0.659559608,0.644728601,137.4162445,174.0869598,213.553299,286.8333435,2.324873209,3.434782505,0.248730958,0.246376812,1.126903534,0.992753625,15.05076122,19.74637604,245.1421356,340.4855042,497.2233582,564.8405762,23.98390579,30.05800819,52.75634384,59.90579605,7740.416244,3396.956522,22.83138657,18.2881813,66.11675262,51.11594391,60525.40933,64344.50746,867617.3575,184703.6719
33,2,11,0.355126798,0.222216219,0.307338506,0.12311852,0.146137714,0.322100312,0.235984281,0.208366036,0.287647963,0.239105225,0.103590079,0.211212933,0.224025235,0.210991293,0.210971549,0.163856432,0.276749939,0.275896877,0.229337469,0.218457684,0.154478073,0.255310118,0.750979722,0.75306797,0.703461826,0.713426292,0.640424848,0.54677695,0.98623383,0.842633545,0.816992044,0.972965062,0.969264865,0.983197093,0.99857825,0.997465312,0.999216735,0.99701786,0.999864459,0.834273517,0.833108723,0.694622517,0.709167004,0.696344733,0.526956558,0.694416821,0.902879775,0.964612365,0.893674374,0.949739099,0.959436536,0.990251005,0.993881166,0.996606052,0.996875644,0.997052491,12.4987278,15.01779938,8.101909637,8.29902935,15.50218105,10.72301865,10.25906944,9.480891228,10.91221333,10.56819725,8.781767845,9.784790993,3.19230032,2.163500071,1.790926099,1.064070702,2.69252944,2.626760006,5.06914711,6.88091135,0.102077693,0.101725996,162.5566864,172.4000549,268.2445374,291.884491,15.22362232,18.93315697,4.808936119,3.722730398,24.91822052,24.83620262,464.767395,513.2360229,578.5760498,394.1523743,25.75737953,24.29313469,58.23458862,42.87233734,10039.69208,4848.04269,26.70688438,13.2406702,73.92262268,41.76488876,70704.95782,95620.9022,3841130.642,475868.7072,39.94083023,36.08405304,42.67718124,41.51702881,71.98027802,74.32375336,77.90410614,79.93346405,74.33542633,73.24480438,30.05698013,28.63278961,19.41930771,19.70259666,24.85913658,24.90942001,1.873266935,1.825553775,7.592763901,9.623241425,0.637794435,0.616442263,268.9441528,299.2753601,432.2893372,498.2463684,8.918781281,12.42028999,0.253807098,0.253623188,1.192893386,1.384057999,20.58375549,25.66666603,334.6142273,419.3912964,595.5076294,710.166687,29.61117172,37.42313385,63.05583572,72.14492798,7864.807107,3517.253623,23.3340683,18.83237267,67.38578796,52.56521606,73454.16062,76474.48507,1093108.947,240510.194
34,3,1,NA,NA,NA,NA,NA,NA,0.174284652,NA,NA,-0.213671342,NA,0.183277547,NA,NA,NA,NA,-0.000208626,NA,NA,0.279562682,NA,-0.039207593,NA,NA,NA,NA,NA,NA,NA,NA,NA,NA,NA,NA,NA,NA,NA,NA,NA,NA,NA,NA,NA,NA,NA,NA,NA,NA,NA,NA,NA,NA,NA,NA,NA,NA,NA,NA,NA,NA,NA,NA,NA,NA,NA,NA,NA,NA,NA,NA,NA,NA,NA,NA,0.247705922,0.161177322,NA,NA,NA,NA,NA,NA,NA,NA,0.075377837,0.082760587,1.713724256,1.278893709,17.77863121,24.55419922,40.63680267,43.86453629,1.463595271,1.429145575,3.217625856,3.241441727,NA,NA,NA,NA,NA,NA,NA,NA,NA,NA,NA,NA,NA,NA,NA,NA,NA,NA,NA,NA,NA,NA,NA,NA,NA,NA,NA,NA,0.042961005,0.038003154,NA,NA,NA,NA,NA,NA,NA,NA,0.005681818,0.006849315,0.005681818,0.006849315,0.392045468,0.404109597,3.482954502,4.636986256,13.71022701,17.45205498,0.565678954,0.742782295,1.284090877,1.684931517,NA,NA,NA,NA,NA,NA,NA,NA,NA,NA
35,3,2,NA,NA,-0.220794305,NA,NA,0.194921747,0.187445283,NA,-0.564020753,0.102788046,NA,0.18620941,-0.457954943,NA,NA,0.085570976,0.075821631,NA,0.149252847,-0.49659875,NA,0.088185653,NA,0.195394546,NA,NA,NA,NA,NA,0.912014961,0.972064734,0.812819302,0.824254513,0.82081145,NA,NA,NA,NA,NA,NA,0.171484888,NA,NA,NA,NA,NA,0.623027802,0.915755749,0.577410161,0.588657856,0.633596838,NA,NA,NA,NA,NA,NA,NA,NA,NA,NA,NA,NA,NA,NA,NA,NA,NA,NA,NA,NA,NA,0.129352093,0.170942485,0.258847028,0.499974579,0.177017674,0.158592597,9.112621307,11.43193245,15.44278812,19.11139488,0.385744333,0.438197464,0.181980446,0.217013702,2.768931389,3.051355362,39.29379272,68.74301147,105.7248383,114.1962662,3.302473068,4.311096668,7.15461874,8.375301361,NA,NA,NA,NA,NA,NA,NA,NA,NA,NA,NA,NA,NA,NA,NA,NA,NA,NA,NA,NA,NA,NA,NA,NA,NA,NA,0.030122967,0.039165281,0.069715559,0.125406042,0.791394949,0.688683093,2.238636255,3.287671328,3.517045498,5.267123222,0.073863633,0.089041099,0.03409091,0.02739726,0.03409091,0.034246575,1.085227251,1.55479455,12.403409,18.6232872,84.63636017,103.4520569,2.92449975,4.139875412,6.5,8.753424644,NA,NA,NA,NA,NA,NA,NA,NA,NA,NA
36,3,3,NA,NA,0.014349727,NA,NA,0.244952217,0.193690285,NA,-0.222630382,0.132723361,NA,0.192816898,-0.149998888,NA,NA,0.034721926,0.079601258,NA,-0.028253762,-0.108119257,NA,0.083515942,0.750769496,0.678076863,0.715730727,0.712288976,0.80003798,0.673721552,NA,0.853311479,0.78383106,0.854841888,0.856654048,0.833579719,NA,NA,NA,NA,NA,NA,0.90841645,0.53285706,0.825356722,0.825048089,0.907485187,1,0.810523868,0.858701408,0.87683481,0.900150657,0.898013115,NA,NA,NA,NA,NA,NA,NA,NA,NA,NA,NA,NA,NA,NA,NA,NA,NA,NA,NA,NA,NA,0.105865762,0.115222767,0.688198626,1.158089876,0.173360229,0.13834013,23.13006783,27.75814056,39.3286171,41.82236862,0.599458635,0.702415049,0.195982367,0.217013702,4.01915884,5.436940193,56.51947784,129.1028442,145.6550751,172.1309967,5.037180901,7.09067297,11.18916416,12.61375809,NA,NA,NA,NA,NA,NA,NA,NA,NA,NA,NA,NA,NA,NA,NA,NA,NA,NA,NA,NA,NA,NA,NA,NA,NA,NA,0.024535518,0.027238645,0.248828083,0.34191364,0.720583379,0.693799376,8.25,9.732876778,13.17613602,14.91780853,0.170454547,0.226027399,0.039772727,0.02739726,0.039772727,0.034246575,2.170454502,3.1095891,23.99431801,44.73972702,145.2329559,179.5410919,5.150101662,7.374725819,10.840909,14.5,NA,NA,NA,NA,NA,NA,NA,NA,NA,NA
37,3,4,NA,NA,0.03269982,NA,NA,0.167390883,0.152838022,NA,-0.334932625,0.13262713,NA,0.14732118,0.029853582,NA,NA,-0.005331955,0.069308937,NA,0.279258609,0.058142148,NA,0.058172811,1,0.930500329,0.970494211,0.798893809,0.793781042,1,NA,0.756162882,0.791815937,0.977018297,0.95751065,0.966871142,NA,NA,NA,NA,NA,0.802142501,0.815782249,0.929645717,0.81205529,0.801054001,0.82478708,1,0.886146605,0.908282042,0.986119509,0.972280562,0.962007523,NA,NA,NA,NA,NA,NA,NA,NA,NA,NA,NA,NA,NA,NA,NA,NA,NA,NA,NA,NA,NA,0.117078334,0.134268895,1.007229328,1.846081614,0.183449641,0.144661561,34.47717285,43.609272,60.09031296,68.66158295,0.617888093,0.756767631,0.245412454,0.2312399,6.524914742,7.942685604,81.01772308,222.5409088,172.7587738,203.3900909,6.607019901,9.588176727,15.09984875,16.74843788,NA,NA,NA,NA,NA,NA,NA,NA,NA,NA,NA,NA,NA,NA,NA,NA,NA,NA,NA,NA,NA,NA,NA,NA,NA,NA,0.031172434,0.04118577,0.374016553,0.640408278,0.700586677,0.675567508,13.31818199,17.47945213,22.01136398,27.5616436,0.1875,0.273972601,0.045454547,0.034246575,0.051136363,0.04109589,3.323863745,4.684931278,35.44318008,77.5068512,175.125,218.3630066,6.818996906,9.959695816,14.01704502,19.14383507,NA,NA,NA,NA,NA,NA,NA,NA,NA,NA
38,3,5,NA,NA,0.028415963,0.23149547,0.192835227,0.208193675,0.204678774,0.213907659,0.038672689,0.128137827,0.15895687,0.197474331,-0.035681143,0.195005566,0.240782067,0.023761097,0.105996773,0.180297911,0.124939024,-0.012116744,0.231285304,0.098743901,0.452616781,0.829961419,0.90483588,0.880576968,0.873304486,0.835993588,0.034647945,0.869339406,0.661130548,0.911162078,0.917455375,0.912436187,NA,NA,NA,NA,NA,0.453728437,0.872444272,0.801001012,0.898736537,0.871447444,0.709237695,1,0.878522038,0.883100569,0.939317167,0.937689602,0.933106124,NA,NA,NA,NA,NA,NA,NA,NA,NA,NA,NA,NA,NA,NA,NA,NA,NA,NA,NA,NA,NA,0.404075563,0.372632414,1.566989541,2.48660326,0.177204445,0.1340947,45.64616776,58.26588058,77.81291962,93.0736084,1.296135664,1.591204524,0.719103873,0.987809479,10.36552525,11.42650223,214.1079865,310.8515625,254.9926758,268.2010193,9.537251472,12.51992702,20.37530708,22.29952049,4119.694516,3253.325133,9.675393105,8.832393646,31.65912056,25.00460815,1852.687871,1787.975705,9112.106497,5172.451399,NA,NA,NA,NA,NA,NA,NA,NA,NA,NA,NA,NA,NA,NA,NA,NA,0.162661135,0.156460911,0.874396265,1.210481167,0.710650802,0.656001985,26.78977203,34.29452133,43.57954407,54.78082275,0.505681813,0.691780806,0.142045453,0.143835619,0.244318187,0.280821919,7.960227489,9.712328911,141.1363678,192.0684967,269.8920593,315.6164246,10.75650311,14.41497898,21.71590996,27.5616436,2495.795455,1616.80137,8.07790184,7.15335083,25.11931801,20.21232796,5809.60479,5762.496454,4197.760563,2189.551724
39,3,6,NA,NA,-0.038944852,0.232664168,0.220537588,0.21563305,0.225467697,0.243461162,0.083936758,0.075776458,0.188919753,0.220445782,0.094605662,0.138669327,0.229962975,0.033203892,0.119531564,0.184924006,0.019157462,0.06374564,0.214239657,0.109285265,0.958789468,0.883636236,0.890883267,0.843366385,0.87810719,0.782740533,0.704545438,0.946838081,0.961656451,0.969556451,0.946951985,0.905703843,0.885127306,0.916826844,0.948374808,0.762399316,0.948490024,0.619529366,0.92970103,0.415525079,0.892662764,0.884930074,0.472824633,0.853252709,0.970577419,0.969370544,0.976067185,0.973973393,0.961359918,0.890794098,0.894537449,0.915981352,0.822266996,0.936463594,NA,NA,NA,NA,NA,NA,NA,NA,NA,NA,NA,NA,NA,NA,NA,NA,0.438301116,1.183976889,2.138350487,3.070218801,0.155216664,0.155213475,55.96478271,67.60049438,95.04376221,108.4927521,1.59250474,3.480243206,1.065638065,1.861133218,12.29747581,12.1944952,231.6967468,341.0720825,295.9411926,299.3217163,11.8362484,14.53409195,26.52318573,27.34347916,6326.159964,4649.114561,13.61980152,13.84102154,42.48009491,34.39025497,6069.149628,4894.848869,65520.633,23639.46096,NA,NA,NA,NA,NA,NA,NA,NA,NA,NA,NA,NA,NA,NA,NA,NA,0.215039715,0.468361318,1.382401347,1.930536151,0.693943501,0.654192805,42.50568008,53.03424835,68.0625,84.76712036,0.6875,1.458904147,0.164772734,0.184931502,0.363636374,0.541095912,9.579545021,11.53424644,166.9147797,235.7328796,323.3068237,373.6095886,13.78142357,17.78223038,29.67045403,35.22602844,4476.244318,2866.047945,13.56285477,12.26147079,40.46022797,32.81506729,12689.83529,12200.64085,33197.975,11757.29126
40,3,7,NA,NA,-0.019915385,0.224542141,0.218373984,0.217619166,0.227946758,0.241803735,0.049167853,0.096810646,0.182312667,0.22278738,0.090394489,0.100002289,0.18777442,0.073110126,0.125795886,0.191230774,0.137059689,0.087907545,0.175589144,0.120912075,0.929206789,0.948548436,0.94138217,0.886729836,0.906080306,0.927159965,0.97442472,0.934776366,0.976120651,0.99224174,0.98651433,0.985737801,0.965400338,0.970332503,0.976824105,0.925481498,0.984414816,0.937240005,0.968274951,0.75049144,0.898364723,0.897601485,0.968192518,0.985340893,0.950771391,0.955635011,0.936078608,0.968855977,0.974697053,0.975039423,0.973959088,0.969678581,0.903385401,0.867452502,NA,NA,NA,NA,NA,NA,NA,NA,NA,NA,NA,NA,NA,NA,NA,NA,0.473966599,1.682913303,2.362069607,3.690809727,0.15253973,0.144654065,66.05419922,81.59793091,112.0462952,130.9960175,1.897640347,4.518957138,1.173959851,2.351694584,13.60627079,13.77095127,241.9946289,374.8717041,314.8754578,336.8808289,13.14353657,16.6186676,29.53939056,30.73113632,7372.006928,5198.979988,15.22289467,15.1703043,47.99702454,39.54814148,11269.18202,8934.666477,156923.7789,57744.88665,NA,NA,NA,NA,NA,NA,NA,NA,NA,NA,NA,NA,NA,NA,NA,NA,0.2462001,0.589938998,1.706964493,2.482263803,0.689534605,0.648459971,53.11931992,68.89041138,85.125,109.6369858,0.818181813,1.726027369,0.1875,0.219178081,0.431818187,0.712328792,10.653409,13.57534218,179.4204559,272.8219299,348.4318237,419.5821838,15.48816204,20.60901833,33.63636398,40.47260284,5368.721591,3532.047945,16.05764771,14.82560635,48.80113602,40.3698616,20433.79412,19013.02113,90766.16923,33014.7395
41,3,8,NA,NA,-0.016405001,0.254463971,0.211528376,0.214568466,0.214580834,0.231330737,-0.109531522,0.055828605,0.186471179,0.21574761,0.086035028,0.062759787,0.183724567,0.104883313,0.138019726,0.17635572,0.102512591,0.107459679,0.160124168,0.128797814,0.944699943,0.936798096,0.887709856,0.890943944,0.849203348,0.940794945,0.937987745,0.98452127,0.989644945,0.989692926,0.990385234,0.988050282,0.983129799,0.964641929,0.980174482,0.931910217,0.98197192,0.983688474,0.953048229,0.939489841,0.932846546,0.930349708,0.982704878,0.942737818,0.978108823,0.983599782,0.987053573,0.983905971,0.970123649,0.991275549,0.983345389,0.976157546,0.882826507,0.922152817,NA,NA,NA,NA,NA,NA,NA,NA,NA,NA,NA,NA,NA,NA,NA,NA,0.576256335,1.725518107,3.236279249,4.656198978,0.149380684,0.125154302,80.90214539,100.9930801,142.9296875,160.9289551,2.343040228,4.76802969,1.410155654,3.01356554,15.38030434,15.7889061,259.6771851,418.7070313,342.4918823,372.5895996,15.03577232,19.37892723,33.61316299,36.47800446,7991.963135,5483.392053,16.13875389,15.90531158,52.09929276,43.97834396,20655.37209,14047.92404,290309.8691,110258.9131,NA,NA,NA,NA,NA,NA,NA,NA,NA,NA,NA,NA,NA,NA,NA,NA,0.329415321,0.682877362,2.294907331,3.336694717,0.67817539,0.659176946,71.05113983,92.37670898,116.5795441,146.6095886,1.039772749,2.061643839,0.19886364,0.253424644,0.505681813,0.965753436,11.72727299,15.2191782,192.2840881,302.4657593,378.3238525,462.4657593,17.64361,23.92396736,38.8125,47.58219147,5922.875,3884.383562,18.16717529,16.91577148,55.97159195,47.63698578,32180.59302,29842.88028,174097.8601,71567.47581
42,3,9,NA,NA,0.059332203,0.204961032,0.199226692,0.198794931,0.209303528,0.213579282,-0.217039078,0.144694492,0.161657885,0.201429367,0.097213715,0.049020726,0.188162252,0.094212569,0.144296333,0.171682224,0.096080333,0.137691632,0.155030593,0.1256641,0.931725502,0.8717556,0.885014474,0.869462132,0.906142712,0.846367478,0.979292154,0.981229544,0.928738773,0.988649905,0.982182205,0.989767253,0.99301964,0.982021272,0.997224748,0.968275368,0.974251926,0.979763865,0.951499701,0.862004399,0.911991417,0.905265272,0.939369082,0.996477306,0.991229236,0.99363035,0.99236697,0.987603366,0.987248838,0.996705294,0.993099809,0.992248356,0.968167186,0.974013031,NA,NA,NA,NA,NA,NA,NA,NA,NA,NA,NA,NA,NA,NA,NA,NA,0.705922186,1.78310442,3.984790325,5.169082642,0.146011084,0.114554055,101.3137894,113.6272659,170.9278717,181.0723724,3.189023495,5.317718506,1.473036885,3.438569546,17.82284737,16.15685463,324.9365234,425.0814514,360.9013977,386.5067139,16.7717762,20.65519714,36.00078201,39.13309097,8251.818614,5508.884303,16.57626152,16.06258583,52.69402313,44.91878128,33447.14576,22891.27339,490395.618,173018.0554,NA,NA,NA,NA,NA,NA,NA,NA,NA,NA,NA,NA,NA,NA,NA,NA,0.444433033,0.815753222,3.021782875,4.212749004,0.678246856,0.646034896,93.36363983,117.0547943,150.9943237,185.7808228,1.386363626,2.534246683,0.210227266,0.273972601,0.539772749,1.061643839,13.30681801,16.17808151,224.2670441,319.3493042,409.5340881,488.876709,19.80729294,26.11824799,42.65340805,52.03424835,6134.494318,4029.760274,19.15800667,17.87745285,58.15909195,50.6301384,45689.73256,41868.26761,283771.2115,121001.6953
43,3,10,NA,NA,0.108736433,0.194544241,0.205141768,0.226686895,0.227761567,0.219136223,0.04316593,0.184147507,0.156135082,0.21279788,0.118666187,0.052924644,0.199589729,0.076148972,0.147520795,0.159674093,0.156338155,0.162785798,0.147126675,0.111803062,0.602946222,0.886846662,0.799708486,0.841384411,0.856504858,0.588065863,0.997401357,0.880081415,0.882853985,0.979163826,0.975116491,0.984622598,0.997076273,0.998303115,0.998670757,0.989531994,0.980889857,0.776796103,0.885796964,0.896837831,0.825807095,0.834500253,0.697026789,0.987704456,0.92933315,0.915584743,0.986314654,0.978646159,0.981778026,0.998408079,0.997662544,0.99755013,0.987662554,0.99082309,NA,NA,NA,NA,NA,NA,NA,NA,NA,NA,NA,NA,NA,NA,NA,NA,1.778867722,3.045945168,5.492868423,6.45568037,0.138278097,0.107375637,137.4289551,150.7019348,222.1660767,237.2175903,6.532068729,9.878833771,1.490391254,3.601422071,24.00939751,18.66569519,419.0888977,530.4924927,409.4318542,416.0015869,19.67621231,23.10856056,40.00244141,43.14084625,8370.886699,5528.106686,16.53780937,15.98812008,53.24922562,44.93228531,48304.00846,32958.57808,711860.9725,245549.9686,NA,NA,NA,NA,NA,NA,NA,NA,NA,NA,NA,NA,NA,NA,NA,NA,0.938632965,1.417594314,4.633464813,6.540771008,0.669529557,0.640700281,140.5170441,182.3561707,224.75,289.8219299,2.829545498,4.6095891,0.232954547,0.280821919,0.585227251,1.150684953,16.89204597,19.34931564,282.1590881,379.9657593,456.7784119,537.8287964,22.98410988,30.08065224,48.14772797,59.10958862,6277.278409,4140.09589,19.50682068,18.34012604,59.25,52.14383698,59620.97674,54403.73944,408830.1472,171477.4519
44,3,11,0.420759499,0.334268957,0.129128247,0.20923461,0.193658486,0.173358008,0.194871783,0.192959011,0.193599477,0.182844564,0.146967053,0.178338021,0.097166099,0.085985273,0.16423814,0.064731948,0.121324487,0.143813655,0.25398609,0.144077793,0.133135468,0.10149467,0.754503846,0.813577592,0.689108193,0.734722555,0.716052115,0.581195176,0.939692259,0.9020679,0.889763355,0.95986253,0.963081717,0.976997674,0.828554153,0.993319392,0.998000085,0.996405542,0.989754736,0.858410299,0.848969042,0.821404099,0.697620749,0.657270551,0.598214746,0.986139297,0.88767904,0.949410975,0.967219234,0.967293382,0.979663014,0.985761404,0.998287022,0.998242855,0.994761646,0.996634483,11.52299309,12.43065357,7.402433872,7.240227222,18.1492424,13.38636112,11.14326096,11.98207474,11.47436523,10.67823982,9.752632141,8.676558495,3.436975718,3.484417677,1.884445906,1.609586358,3.343437672,3.720541716,6.344201565,7.03881979,0.115966991,0.100298107,163.4394379,162.0292053,275.2367249,257.7597351,17.03223801,19.72608566,1.593126416,3.846634865,31.41441917,22.8041153,568.6036377,606.8525391,459.39505,473.0335999,22.97724724,26.50610352,43.97933578,47.70679092,9669.659348,5553.093893,16.41158295,15.93726921,53.22378159,44.86635208,62486.93051,42772.02539,938769.098,313027.4278,39.99666214,36.34498596,42.45000076,42.44794464,68.90145874,73.22866821,78.82460022,78.17967224,74.28271484,75.03592682,30.07926178,30.86917877,19.34549904,19.34996605,24.85795403,24.81678009,2.135210514,2.779709578,8.215729713,10.32982254,0.63804245,0.632653117,261.6420593,315.7054749,426.1193237,505.0958862,9.994318008,16.07534218,0.23863636,0.301369876,0.647727251,1.315068483,24.25568199,24.8150692,398.7670593,471.3904114,564.6647949,646.5342407,29.04319,36.69779968,58.65340805,70.21917725,6812.926136,4312.753425,19.91939354,18.69830132,60.22727203,53.28082275,71987.87791,65275.33803,517928.3882,216690.8