,group,treatm,week,gender,co_eboo,co_gam,co_mc,co_sa,co_eg_session_hour,co_emcq_session_hour,co_esaq_session_hour,co_gmcq_session_hour,co_gsaq_session_hour,co_mcsaq_session_hour,co_fsa_attempt_cumul,co_ftotebook_pageviews_cumul,co_fplayer_happy_deploym_cumul,co_fmcq_attempt_nonrev_cumul,co_fsaq_session_hours_cumul,co_fmcq_session_hours_cumul,co_fgame_session_hours_cumul,co_febook_session_hours_cumul,co_fatar_ii,cmcsaq_session_hours,cgsaq_session_hours,cgmcq_session_hours,cesaq_session_hours,cemcq_session_hours,ceg_session_hours,csaq_session_hours,cmcq_session_hours,cgame_session_hours,cebook_session_hours,acsaq_session_hours,acmcq_session_hours,acmcq_Cshare_nonrev,acmcq_Cattempt_nonrev,acmcq_attempt_nonrev,acsa_attempt,acebook_commentposted,acvideos_watched,acvideo_events,actotebook_pageviews,acebook_session_hours,acebook_logins,acsession_clicks,acgame_session_hours,acgame_logins,acplayer_money_deploym,acplayer_happy_deploym,sd_markw13_exp2,sd_markw13_exp1,sd_markw16,sd_markw15,sd_mark,sd_final,sd_markpl,sd_markw6,sd_saq_session_hours_cumul,sd_mcq_session_hours_cumul,sd_mcq_Cshare_nonrev_cumul,sd_mcq_Cattempt_nonrev_cumul,sd_mcq_attempt_nonrev_cumul,sd_sa_attempt_cumul,sd_ebook_commentposted_cumul,sd_videos_watched_cumul,sd_video_events_cumul,sd_totebook_pageviews_cumul,sd_ebook_session_hours_cumul,sd_ebook_logins_cumul,sd_session_clicks_cumul,sd_game_session_hours_cumul,sd_game_logins_cumul,sd_player_money_deploym_cumul,sd_player_happy_deploym_cumul,av_markw13_exp2,av_markw13_exp1,av_markw16,av_markw15,av_mark,av_final,av_markpl,av_markw6,av_saq_session_hours_cumul,av_mcq_session_hours_cumul,av_mcq_Cshare_nonrev_cumul,av_mcq_Cattempt_nonrev_cumul,av_mcq_attempt_nonrev_cumul,av_sa_attempt_cumul,av_ebook_commenting,av_ebook_commentposted_cumul,av_videos_watched_cumul,av_video_events_cumul,av_totebook_pageviews_cumul,av_ebook_session_hours_cumul,av_ebook_logins_cumul,av_session_clicks_cumul,av_game_session_hours_cumul,av_game_logins_cumul,av_player_money_deploym_cumul,av_player_happy_deploym_cumul
0,tau_01,"Male, no gender",1,1,NA,NA,NA,NA,NA,NA,NA,NA,NA,NA,NA,NA,NA,NA,NA,NA,NA,NA,NA,NA,NA,NA,NA,NA,NA,NA,NA,NA,NA,NA,NA,NA,NA,NA,NA,NA,NA,NA,NA,NA,NA,NA,NA,NA,NA,NA,NA,11.853166,NA,NA,NA,NA,NA,NA,NA,0.23070426,NA,NA,NA,NA,0.37037748,1.3334936,17.116362,NA,1.1761461,2.6362753,NA,NA,NA,NA,NA,NA,40.992321,70.392624,79.839653,74.999214,30.219387,19.784929,24.994898,NA,0.058242586,NA,NA,NA,NA,0.015306123,0.035714287,0.32142857,3.2755103,12.336735,0.51679093,1.1989796,NA,NA,NA,NA,NA
,tau_01,"Male, no gender",2,1,NA,NA,NA,NA,NA,NA,NA,NA,NA,NA,NA,NA,NA,NA,NA,NA,NA,NA,NA,NA,NA,NA,NA,NA,NA,NA,NA,NA,NA,NA,NA,NA,NA,NA,NA,1,0.86112458,0.9653464,0.72196788,0.70824128,0.79885417,NA,NA,NA,NA,NA,NA,11.853166,NA,NA,NA,NA,NA,NA,0.12966596,0.69149137,NA,10.580932,15.645267,0.44545498,0.59833628,3.4537234,33.8885,NA,3.4965155,8.5179157,NA,NA,NA,NA,NA,NA,40.992321,70.392624,79.839653,74.999214,30.219387,19.784929,24.994898,0.022907428,0.16020839,NA,3.1683674,4.6428571,0.081632651,0.081632651,0.12755102,1.1428572,11.020409,91.362244,3.082706,7.265306,NA,NA,NA,NA,NA
,tau_01,"Male, no gender",3,1,NA,NA,NA,NA,NA,NA,NA,NA,NA,NA,NA,NA,NA,NA,NA,NA,NA,NA,NA,NA,NA,NA,NA,NA,NA,NA,NA,NA,NA,NA,0.95964181,NA,0.87738383,0.87002343,0.88388348,0.93831974,0.89135164,0.85555696,0.94604784,0.92612845,0.95028621,NA,NA,NA,NA,NA,NA,11.853166,NA,NA,NA,NA,NA,NA,0.16127163,1.0659027,NA,21.269468,32.884899,0.61347163,0.64846963,5.5811319,57.781063,NA,5.3662214,11.66683,NA,NA,NA,NA,NA,NA,40.992321,70.392624,79.839653,74.999214,30.219387,19.784929,24.994898,0.035020974,0.30232599,NA,7.8265305,11.755102,0.18367347,0.081632651,0.14285715,2.3775511,23.510204,143.42346,5.2477098,11.346939,NA,NA,NA,NA,NA
,tau_01,"Male, no gender",4,1,NA,NA,NA,NA,NA,NA,NA,NA,NA,NA,NA,NA,NA,NA,NA,NA,NA,NA,NA,NA,NA,NA,NA,NA,NA,NA,NA,NA,NA,0.99901378,0.97269416,NA,0.88085252,0.89910269,0.90453404,1,0.90026283,0.87404251,0.97145844,0.94445091,0.95969045,NA,NA,NA,NA,NA,NA,11.853166,NA,NA,NA,NA,NA,NA,0.17221537,1.4808085,NA,33.391396,52.744938,0.75855494,0.65126771,7.6177931,96.414734,NA,6.822515,14.206914,NA,NA,NA,NA,NA,NA,40.992321,70.392624,79.839653,74.999214,30.219387,19.784929,24.994898,0.047514807,0.51413941,NA,14.22449,21.719387,0.26530612,0.086734697,0.14795919,3.5714285,37.596939,174.80103,7.0443954,14.658163,NA,NA,NA,NA,NA
,tau_01,"Male, no gender",5,1,NA,NA,NA,NA,NA,NA,NA,NA,NA,NA,NA,NA,NA,NA,NA,NA,NA,NA,NA,NA,NA,NA,NA,NA,NA,NA,NA,NA,NA,0.97581983,0.89065856,NA,0.80929703,0.81874061,0.68494445,0.82919848,0.87071818,0.85367084,0.8591674,0.89129019,0.8705557,NA,NA,NA,NA,NA,NA,11.853166,NA,NA,NA,NA,NA,NA,0.6737656,2.0136769,NA,48.446297,75.942879,1.8416088,4.0902781,10.736698,209.21086,NA,9.2110538,19.809498,5333.368062,10.905606,37.631065,504671.6026,NA,NA,40.992321,70.392624,79.839653,74.999214,30.219387,19.784929,24.994898,0.18655175,0.95331818,NA,28.112246,42.719387,0.59183675,0.18877551,0.79081631,8.4846935,135.65306,268.5051,10.895214,22.596939,2793.392857,8.7897682,28.484694,6000,0.522
,tau_01,"Male, no gender",6,1,NA,NA,NA,NA,NA,NA,NA,NA,NA,NA,NA,NA,NA,NA,NA,NA,NA,NA,NA,NA,NA,NA,NA,NA,NA,NA,NA,NA,NA,0.97507179,0.90429884,NA,0.78192449,0.83027315,0.94005966,0.98115355,0.9431951,0.96608955,0.97305238,0.95889878,0.94632483,0.89611763,0.89003325,0.94534284,0.99999958,0.99832284,NA,11.853166,NA,NA,NA,NA,NA,NA,0.93506801,2.3943744,NA,60.956818,91.812004,2.8186789,6.0500336,12.393749,223.24937,NA,11.312838,26.248117,8105.026006,17.204887,48.576355,11873338.41,NA,NA,40.992321,70.392624,79.839653,74.999214,30.219387,19.784929,24.994898,0.3025203,1.4449725,NA,42.311226,63.418365,0.93877554,0.22959183,1.2193878,10.510204,167.14796,317.16327,13.899014,29.979591,4995.576531,15.224209,43.933674,13000,7.277
,tau_01,"Male, no gender",7,1,NA,NA,NA,NA,NA,NA,NA,NA,NA,NA,NA,NA,NA,NA,NA,NA,NA,NA,NA,NA,NA,NA,NA,NA,NA,NA,NA,NA,NA,0.96736431,0.94444114,NA,0.93516159,0.92783272,0.95981312,0.83118922,0.96035922,0.81420225,0.94790465,0.96463412,0.97763133,0.96641535,0.95669806,0.96797872,1,0.99989617,NA,11.853166,NA,NA,NA,NA,NA,NA,1.1050395,2.6987765,NA,66.65284,100.92104,3.3038836,8.0173082,13.668623,282.65604,NA,13.252394,29.815611,9050.001762,19.98711,52.444218,8437770.486,NA,NA,40.992321,70.392624,79.839653,74.999214,30.219387,19.784929,24.994898,0.3738558,1.7348306,NA,51.724491,77.93367,1.1326531,0.24489796,1.6224489,11.841837,196.09694,351.66327,16.053301,34.362244,6006.887755,18.18829,51.698978,19561,21.2645
,tau_01,"Male, no gender",8,1,NA,NA,NA,NA,NA,NA,NA,NA,NA,NA,NA,NA,NA,NA,NA,NA,NA,NA,NA,NA,NA,NA,NA,NA,NA,NA,NA,NA,NA,0.98784465,0.89365417,NA,0.81545919,0.80826414,0.98249286,0.97879499,0.9686057,0.95266062,0.97814792,0.98168766,0.9836542,0.98616987,0.98404801,0.97453839,1,0.99999952,NA,11.853166,NA,NA,NA,NA,NA,NA,1.1581966,3.2601891,NA,88.218826,143.45276,3.5219727,9.8586292,15.425826,351.73004,NA,15.571333,34.160461,9836.928996,21.496283,56.993511,29580889.28,NA,NA,40.992321,70.392624,79.839653,74.999214,30.219387,19.784929,24.994898,0.42222726,2.4676282,NA,75.153061,116.81633,1.2959183,0.26020408,1.8673469,13.168367,218.5051,392.53061,18.616852,39.75,6703.163265,20.518337,59.836735,27189,45.149
,tau_01,"Male, no gender",9,1,NA,NA,NA,NA,NA,NA,NA,NA,NA,NA,NA,NA,NA,NA,NA,NA,NA,NA,NA,NA,NA,NA,NA,NA,NA,NA,NA,NA,NA,0.99008232,0.94539577,NA,0.90989453,0.91905451,0.96377349,0.99753171,0.97497809,0.96685922,0.9935841,0.98923808,0.99223816,0.99719828,0.99455249,0.9966743,1,0.99999994,NA,11.853166,NA,NA,NA,NA,NA,NA,1.247786,3.7051518,NA,102.90581,163.42361,4.140049,10.670308,17.425329,406.29276,NA,16.836803,36.14518,10145.79437,22.003763,58.084507,38190687.9,NA,NA,40.992321,70.392624,79.839653,74.999214,30.219387,19.784929,24.994898,0.53015476,3.1025105,NA,97.005104,150.27551,1.6173469,0.27551019,1.9693878,14.734694,246.79591,417.41327,20.446266,43.346939,6946.076531,21.433538,62.484695,36232,88.3265
,tau_01,"Male, no gender",10,1,NA,NA,NA,NA,NA,NA,NA,NA,NA,NA,NA,NA,NA,NA,NA,NA,NA,NA,NA,NA,NA,NA,NA,NA,NA,NA,NA,NA,NA,0.88736546,0.85963595,NA,0.86194539,0.86721474,0.74143052,0.99967217,0.94529569,0.986866,0.98291618,0.97530144,0.98656929,0.99586135,0.99802828,0.99888629,1,1,NA,11.853166,NA,NA,NA,NA,NA,NA,1.7355654,5.0160933,NA,133.76755,211.69266,7.2024965,11.008578,19.75695,416.74481,NA,18.523602,38.471302,10259.53131,22.016415,58.707973,20266158.13,NA,NA,40.992321,70.392624,79.839653,74.999214,30.219387,19.784929,24.994898,0.79459727,4.5886745,NA,138.39796,215.16837,2.6275511,0.29081634,2.0306122,17.260204,272.54593,459.7092,23.11282,47.857143,7125.719388,21.862286,63.658165,44317.5,105.5275
,tau_01,"Male, no gender",11,1,0.81987804,0.47032425,0.8016082,0.74982023,0.32689065,0.4292044,0.27017182,0.21209934,0.031488117,0.32693523,0.27762204,0.22541648,0.27618259,0.25769785,0.25049126,0.17807883,0.15675162,0.28673291,0.48269349,0.14085642,0.13303548,0.20927958,0.23177142,0.28501287,0.28175879,0.23693554,0.18996406,0.17859674,0.2734881,0.85903823,0.80403066,NA,0.681822,0.63482946,0.64445418,0.99956596,0.88076437,0.88819742,0.97230893,0.96258003,0.97899938,0.99938345,0.99889898,0.99889183,1,1,NA,11.853166,16.426117,11.245705,9.4597712,8.9894714,2.0184956,0.071428575,2.8003941,6.2875609,NA,162.09482,263.02371,15.977669,11.126026,27.275967,566.06439,NA,21.447033,42.923004,10276.80488,21.942886,58.495964,53915969.05,NA,NA,40.992321,70.392624,79.839653,74.999214,30.219387,19.784929,24.994898,2.0541298,8.3074989,NA,275.46429,433.2449,9.8928576,0.30612245,2.1071429,23.336735,357.77551,555.47961,28.811563,57.515305,7220.418367,22.18709,64.729591,52073,129.39
1,tau_00,"Male, no gender",1,0,NA,NA,NA,NA,NA,NA,NA,NA,NA,NA,NA,NA,NA,NA,NA,NA,NA,NA,NA,NA,NA,NA,NA,NA,NA,NA,NA,NA,NA,NA,NA,NA,NA,NA,NA,NA,NA,NA,NA,NA,NA,NA,NA,NA,NA,NA,NA,13.220189,NA,NA,NA,NA,NA,NA,NA,0.095613495,NA,NA,NA,NA,0.14381774,1.9626423,21.893764,NA,1.8320473,3.5329072,NA,NA,NA,NA,NA,NA,36.031898,74.137497,78.52066,74.439407,29.989511,19.481367,24.968531,NA,0.025869224,NA,NA,NA,NA,0.020979021,0.020979021,0.57342654,5.6153846,16.86014,0.79889655,1.7272727,NA,NA,NA,NA,NA
,tau_00,"Male, no gender",2,0,NA,NA,NA,NA,NA,NA,NA,NA,NA,NA,NA,NA,NA,NA,NA,NA,NA,NA,NA,NA,NA,NA,NA,NA,NA,NA,NA,NA,NA,NA,NA,NA,NA,NA,NA,NA,0.81812507,0.69092876,0.65326995,0.76118994,0.72966433,NA,NA,NA,NA,NA,NA,13.220189,NA,NA,NA,NA,NA,NA,0.0582253,0.23912236,NA,4.658092,8.6554594,0.21923643,0.18433693,3.4997714,54.000374,NA,4.6891761,9.376111,NA,NA,NA,NA,NA,NA,36.031898,74.137497,78.52066,74.439407,29.989511,19.481367,24.968531,0.010631876,0.064190134,NA,1.3636364,2.3426573,0.034965035,0.034965035,0.034965035,1.8181819,22.48951,99.167831,3.8446925,8.1048946,NA,NA,NA,NA,NA
,tau_00,"Male, no gender",3,0,NA,NA,NA,NA,NA,NA,NA,NA,NA,NA,NA,NA,NA,NA,NA,NA,NA,NA,NA,NA,NA,NA,NA,NA,NA,NA,NA,NA,NA,NA,0.53304189,NA,0.39979917,0.47254881,1,NA,0.74968427,0.67953497,0.93599808,0.92685854,0.93403423,NA,NA,NA,NA,NA,NA,13.220189,NA,NA,NA,NA,NA,NA,0.13786589,0.63361424,NA,19.846807,30.562662,0.55158412,0.20119803,5.9862032,100.07838,NA,7.1650829,13.172555,NA,NA,NA,NA,NA,NA,36.031898,74.137497,78.52066,74.439407,29.989511,19.481367,24.968531,0.029756228,0.20002346,NA,6.1398602,9.6853151,0.13986014,0.041958041,0.041958041,3.1958041,42.251747,163.16084,6.7087321,13.160839,NA,NA,NA,NA,NA
,tau_00,"Male, no gender",4,0,NA,NA,NA,NA,NA,NA,NA,NA,NA,NA,NA,NA,NA,NA,NA,NA,NA,NA,NA,NA,NA,NA,NA,NA,NA,NA,NA,NA,NA,1,0.84791517,NA,0.68938994,0.6768052,1,NA,0.8790254,0.94687527,0.95890421,0.95592153,0.95859903,NA,NA,NA,NA,NA,NA,13.220189,NA,NA,NA,NA,NA,NA,0.1522861,0.97525138,NA,32.602806,55.739014,0.62389469,0.20119803,8.3589745,135.2975,NA,9.3755865,16.655859,NA,NA,NA,NA,NA,NA,36.031898,74.137497,78.52066,74.439407,29.989511,19.481367,24.968531,0.039782688,0.34542927,NA,11.146853,18.748251,0.18181819,0.041958041,0.041958041,5.0279722,63.153847,208.37064,9.4482327,18.069929,NA,NA,NA,NA,NA
,tau_00,"Male, no gender",5,0,NA,NA,NA,NA,NA,NA,NA,NA,NA,NA,NA,NA,NA,NA,NA,NA,NA,NA,NA,NA,NA,NA,NA,NA,NA,NA,NA,NA,NA,0.53433341,0.85919225,NA,0.90144074,0.91933084,0.57221097,NA,0.88602334,0.87067229,0.95890319,0.95551622,0.93866545,NA,NA,NA,NA,NA,NA,13.220189,NA,NA,NA,NA,NA,NA,0.36103222,1.3183661,NA,41.973568,69.633339,1.1854115,1.2453004,12.698141,230.82695,NA,12.76149,23.178947,2887.640902,7.1733031,19.151541,100481.0389,NA,NA,36.031898,74.137497,78.52066,74.439407,29.989511,19.481367,24.968531,0.14068723,0.68758255,NA,20.356644,33.384617,0.46153846,0.13286713,0.34265736,9.4055948,155.20979,295.79022,13.485523,25.741259,1111.902098,5.9466043,17.118881,6000,0.17
,tau_00,"Male, no gender",6,0,NA,NA,NA,NA,NA,NA,NA,NA,NA,NA,NA,NA,NA,NA,NA,NA,NA,NA,NA,NA,NA,NA,NA,NA,NA,NA,NA,NA,NA,0.99127096,0.7931999,NA,0.84788227,0.87003446,0.97335684,0.9535625,0.96794641,0.96471494,0.97324044,0.9786194,0.97068763,0.91537362,0.78091693,0.89936376,0.99781638,0.67320681,NA,13.220189,NA,NA,NA,NA,NA,NA,0.56958783,1.8863922,NA,53.794838,87.335068,1.4690745,1.6893301,14.714466,250.12216,NA,14.639916,27.28949,6483.094438,12.030839,26.864771,1422039.875,NA,NA,36.031898,74.137497,78.52066,74.439407,29.989511,19.481367,24.968531,0.22462401,1.2736617,NA,35.531467,56.314686,0.69230771,0.2027972,0.55944055,11.321678,185.90909,354.25174,16.594004,32.482517,2698.853147,11.544972,29.524475,12643,3.0365
,tau_00,"Male, no gender",7,0,NA,NA,NA,NA,NA,NA,NA,NA,NA,NA,NA,NA,NA,NA,NA,NA,NA,NA,NA,NA,NA,NA,NA,NA,NA,NA,NA,NA,NA,0.93730444,0.92967546,NA,0.94299585,0.9525516,0.77889317,0.86780614,0.9826436,0.97037596,0.98506749,0.98170817,0.9809649,0.99016923,0.95176238,0.94744569,0.99692655,0.90204334,NA,13.220189,NA,NA,NA,NA,NA,NA,0.74480879,2.3445234,NA,63.625275,102.42267,1.8892304,2.1178935,16.283482,272.39529,NA,16.393236,30.852585,8073.653758,14.769759,31.808016,4667771.006,NA,NA,36.031898,74.137497,78.52066,74.439407,29.989511,19.481367,24.968531,0.3061159,1.6801184,NA,46.251747,72.678322,0.96503496,0.23776224,0.74825174,12.671329,207.04196,387.26575,18.795712,37.286713,3292.608392,14.502838,37.405594,18550,10.4715
,tau_00,"Male, no gender",8,0,NA,NA,NA,NA,NA,NA,NA,NA,NA,NA,NA,NA,NA,NA,NA,NA,NA,NA,NA,NA,NA,NA,NA,NA,NA,NA,NA,NA,NA,0.97337234,0.88700241,NA,0.90915275,0.89700544,0.93875372,0.95076722,0.96515203,0.88893622,0.98010874,0.97149253,0.9829402,0.99840313,0.98326439,0.97297204,0.99827003,0.98433614,NA,13.220189,NA,NA,NA,NA,NA,NA,0.8058461,3.1464601,NA,86.767441,137.01624,2.2699263,2.8741109,17.98781,324.94974,NA,19.6917,35.860863,8456.274697,16.335379,36.210812,9246699.925,NA,NA,36.031898,74.137497,78.52066,74.439407,29.989511,19.481367,24.968531,0.4055264,2.4402707,NA,67.293709,106.23776,1.2937063,0.26573426,0.993007,14.79021,241.88811,439.16083,22.456308,43.888111,3554.986014,16.824564,44.293705,27000,30.016
,tau_00,"Male, no gender",9,0,NA,NA,NA,NA,NA,NA,NA,NA,NA,NA,NA,NA,NA,NA,NA,NA,NA,NA,NA,NA,NA,NA,NA,NA,NA,NA,NA,NA,NA,0.86738157,0.8467617,NA,0.83630657,0.79939443,0.70680594,0.98641801,0.98205614,0.98572785,0.9919973,0.98793489,0.990143,0.99828696,0.99714786,0.99580598,0.99865496,0.99136978,NA,13.220189,NA,NA,NA,NA,NA,NA,1.2030183,4.2718716,NA,114.39508,190.7131,3.6402814,3.0225685,19.95652,343.87134,NA,21.934595,38.908749,8517.69622,16.452499,36.771465,20993300.5,NA,NA,36.031898,74.137497,78.52066,74.439407,29.989511,19.481367,24.968531,0.60642451,3.5467803,NA,99.139862,158.99301,1.8741258,0.27972028,1.0699301,16.839161,269.09091,479.51749,25.414125,49.132866,3677.734266,17.460226,46.167831,34000,43.736
,tau_00,"Male, no gender",10,0,NA,NA,NA,NA,NA,NA,NA,NA,NA,NA,NA,NA,NA,NA,NA,NA,NA,NA,NA,NA,NA,NA,NA,NA,NA,NA,NA,NA,NA,0.92877436,0.89507478,NA,0.89447242,0.90174437,0.71029454,0.96457982,0.95010501,0.93099773,0.97706497,0.96547937,0.9749158,0.99742126,0.99235696,0.99464202,0.99919581,0.99733657,NA,13.220189,NA,NA,NA,NA,NA,NA,1.4562789,5.2348976,NA,141.73924,244.93773,7.0999255,3.7883272,23.854387,431.27722,NA,25.425018,43.316872,8519.916057,16.277784,36.502888,17091505.65,NA,NA,36.031898,74.137497,78.52066,74.439407,29.989511,19.481367,24.968531,0.89053571,5.2110629,NA,150.6084,244.38461,3.6993008,0.30069929,1.2657343,20.650351,336.18182,552.4895,30.384424,57.237762,3777.230769,18.00478,47.454544,41532,45.975
,tau_00,"Male, no gender",11,0,0.90740663,0.16449325,0.75123864,0.66854739,0.24159072,0.37138164,0.33179635,0.11511716,0.031076588,0.31728062,0.37922776,0.18355523,0.13518848,0.18753882,0.17308521,0.18144156,0.2933366,0.23996776,0.34897709,0.20532595,0.31247342,0.32982138,0.24868102,0.27384683,0.33050478,0.17962696,0.20270926,0.29727954,0.25710249,0.6860913,0.77636844,NA,0.66300267,0.63182884,0.49700749,0.91503453,0.94402862,0.96021849,0.97708631,0.97065681,0.97564006,0.99696016,0.98900115,0.98889667,0.99939167,0.99930787,NA,13.220189,11.071443,9.9164,11.510898,10.26497,2.9864171,0.37630892,2.1606107,6.8383226,NA,166.39104,299.13901,18.242239,4.4922533,27.640148,479.74228,NA,29.346478,49.463749,8541.384277,16.017672,35.895184,39031261.87,NA,NA,36.031898,74.137497,78.52066,74.439407,29.989511,19.481367,24.968531,1.9868847,9.1740255,NA,292.3147,487.7063,14.587413,0.32167831,1.5314685,26.314686,410.43356,667.1958,37.411682,69.300697,3897.636364,18.664413,49.146854,49035.5,53.072
2,tau_11,"Male, gender",1,1,NA,NA,NA,NA,NA,NA,NA,NA,NA,NA,NA,NA,NA,NA,NA,NA,NA,NA,NA,NA,NA,NA,NA,NA,NA,NA,NA,NA,NA,NA,NA,NA,NA,NA,NA,NA,NA,NA,NA,NA,NA,NA,NA,NA,NA,NA,NA,10.949378,NA,NA,NA,NA,NA,NA,NA,0.27544475,NA,NA,NA,NA,0.073323555,1.1262114,14.717454,NA,1.4037347,3.0210776,NA,NA,NA,NA,NA,NA,41.592072,71.292778,79.740906,75.077591,30.308065,19.769529,25,NA,0.06354823,NA,NA,NA,NA,0.005376344,0.005376344,0.32258064,2.8655913,16.198925,0.61879766,1.4892473,NA,NA,NA,NA,NA
,tau_11,"Male, gender",2,1,NA,NA,NA,NA,NA,NA,NA,NA,NA,NA,NA,NA,NA,NA,NA,NA,NA,NA,NA,NA,NA,NA,NA,NA,NA,NA,NA,NA,NA,NA,NA,NA,NA,NA,NA,NA,0.53385335,0.81140226,0.54030943,0.58273655,0.64610028,NA,NA,NA,NA,NA,NA,10.949378,NA,NA,NA,NA,NA,NA,0.13741218,0.40043852,NA,11.4953,17.091932,0.44757086,0.23896755,2.7874839,45.404736,NA,3.6631072,8.1631927,NA,NA,NA,NA,NA,NA,41.592072,71.292778,79.740906,75.077591,30.308065,19.769529,25,0.035761438,0.09964709,NA,3.0967741,4.7903228,0.10215054,0.043010753,0.048387095,1.2795699,14.387096,91.89785,3.2135646,6.9892473,NA,NA,NA,NA,NA
,tau_11,"Male, gender",3,1,NA,NA,NA,NA,NA,NA,NA,NA,NA,NA,NA,NA,NA,NA,NA,NA,NA,NA,NA,NA,NA,NA,NA,NA,NA,NA,NA,NA,NA,NA,0.91714025,NA,0.83731049,0.79359615,1,1,0.75172204,0.83662474,0.90379077,0.91975951,0.92394167,NA,NA,NA,NA,NA,NA,10.949378,NA,NA,NA,NA,NA,NA,0.16548167,0.65988219,NA,22.692835,34.512001,0.65511644,0.37554571,4.7055836,64.754532,NA,5.6074696,11.593703,NA,NA,NA,NA,NA,NA,41.592072,71.292778,79.740906,75.077591,30.308065,19.769529,25,0.036650788,0.24972458,NA,9.1559143,14.091398,0.21505377,0.048387095,0.069892474,2.4731183,26.268818,149.9086,5.5005946,11.354838,NA,NA,NA,NA,NA
,tau_11,"Male, gender",4,1,NA,NA,NA,NA,NA,NA,NA,NA,NA,NA,NA,NA,NA,NA,NA,NA,NA,NA,NA,NA,NA,NA,NA,NA,NA,NA,NA,NA,NA,1,0.84938484,NA,0.84017682,0.82038671,1,0.91901827,0.8897903,0.82384437,0.9704327,0.95374036,0.95874816,NA,NA,NA,NA,NA,NA,10.949378,NA,NA,NA,NA,NA,NA,0.16582583,1.0762658,NA,36.81448,55.977058,0.66193467,0.43772283,7.5847015,91.76506,NA,7.3119035,14.63055,NA,NA,NA,NA,NA,NA,41.592072,71.292778,79.740906,75.077591,30.308065,19.769529,25,0.038775623,0.45269555,NA,16.569893,25.596775,0.2311828,0.059139784,0.091397852,3.9139786,40.327957,184.66667,7.4861231,15.032258,NA,NA,NA,NA,NA
,tau_11,"Male, gender",5,1,NA,NA,NA,NA,NA,NA,NA,NA,NA,NA,NA,NA,NA,NA,NA,NA,NA,NA,NA,NA,NA,NA,NA,NA,NA,NA,NA,NA,NA,0.90560889,0.84136826,NA,0.92231715,0.90765262,0.730865,0.98390979,0.88059968,0.73168153,0.91666323,0.91138107,0.89907497,NA,NA,NA,NA,NA,NA,10.949378,NA,NA,NA,NA,NA,NA,0.30464995,1.4822954,NA,47.42794,72.424065,1.2728471,1.4228998,11.027186,163.15979,NA,10.127183,21.174887,5136.041291,10.17311,37.490063,4296.031692,NA,NA,41.592072,71.292778,79.740906,75.077591,30.308065,19.769529,25,0.10746381,0.81431538,NA,27.037634,41.290321,0.43548387,0.16666667,0.39784947,8.1827955,118.46236,272.38171,11.17031,22.306452,2525.822581,7.8942037,25.526882,6000,0.575
,tau_11,"Male, gender",6,1,NA,NA,NA,NA,NA,NA,NA,NA,NA,NA,NA,NA,NA,NA,NA,NA,NA,NA,NA,NA,NA,NA,NA,NA,NA,NA,NA,NA,NA,0.91929138,0.91329348,NA,0.91418386,0.91303265,0.92046839,0.92745334,0.94260228,0.93603307,0.96791422,0.96457309,0.95832866,0.92429161,0.92886496,0.94005841,0.28124002,0.98678416,NA,10.949378,NA,NA,NA,NA,NA,NA,0.51508421,1.8850352,NA,55.212265,85.164825,1.8043829,2.5190065,12.203869,184.56563,NA,12.381112,27.092201,7901.533672,14.349032,48.937012,202526.8854,NA,NA,41.592072,71.292778,79.740906,75.077591,30.308065,19.769529,25,0.208837,1.255043,NA,40.016129,60.892471,0.7096774,0.20967741,0.71505374,9.9731178,142.78494,321.58603,13.847714,28.623655,4531.623656,12.565505,39.080647,13000,5.4835
,tau_11,"Male, gender",7,1,NA,NA,NA,NA,NA,NA,NA,NA,NA,NA,NA,NA,NA,NA,NA,NA,NA,NA,NA,NA,NA,NA,NA,NA,NA,NA,NA,NA,NA,0.97537005,0.94648421,NA,0.95202398,0.94549745,0.9750365,0.98968297,0.95673358,0.92323607,0.98492789,0.98385286,0.9868443,0.97534114,0.96998936,0.98412657,0.99510604,0.99123764,NA,10.949378,NA,NA,NA,NA,NA,NA,0.52875304,2.2889898,NA,65.219368,101.78089,1.8889621,2.6774702,13.274448,212.1521,NA,13.748938,30.087118,8477.479101,15.409826,53.397926,408493.1223,NA,NA,41.592072,71.292778,79.740906,75.077591,30.308065,19.769529,25,0.23065493,1.5271282,NA,48.661289,74.865593,0.75806451,0.22043011,0.79569894,11.193548,161.2258,352.24194,15.595687,32.478493,5262.123656,14.675756,44.865593,19635.5,17.1535
,tau_11,"Male, gender",8,1,NA,NA,NA,NA,NA,NA,NA,NA,NA,NA,NA,NA,NA,NA,NA,NA,NA,NA,NA,NA,NA,NA,NA,NA,NA,NA,NA,NA,NA,0.95929271,0.92415386,NA,0.92100155,0.92115241,0.95758545,0.99215376,0.95269811,0.95143598,0.98721731,0.97851181,0.98195875,0.98071957,0.94496524,0.96782154,0.9993791,0.98120445,NA,10.949378,NA,NA,NA,NA,NA,NA,0.62051111,2.925421,NA,80.666199,127.47673,2.0718915,3.0074015,15.096879,238.56898,NA,15.65179,34.817665,9302.278763,16.985229,59.8564,616865.2434,NA,NA,41.592072,71.292778,79.740906,75.077591,30.308065,19.769529,25,0.26751298,2.0586848,NA,65.236557,101.04839,0.87634408,0.24731183,0.93548387,12.811828,180.63979,391.72043,18.290552,38.284946,5888.860215,17.070343,52.892471,27000,39.1655
,tau_11,"Male, gender",9,1,NA,NA,NA,NA,NA,NA,NA,NA,NA,NA,NA,NA,NA,NA,NA,NA,NA,NA,NA,NA,NA,NA,NA,NA,NA,NA,NA,NA,NA,0.96753639,0.90433186,NA,0.88772184,0.89007193,0.9156993,0.99841207,0.95306003,0.96680087,0.99291033,0.98434931,0.98981547,0.99216944,0.98246872,0.99638927,0.9998365,0.94555879,NA,10.949378,NA,NA,NA,NA,NA,NA,0.79253381,3.661921,NA,102.38268,157.07762,2.4796059,3.0831404,17.100496,286.69861,NA,17.247244,37.640198,9490.767772,17.925938,61.381962,828098.6131,NA,NA,41.592072,71.292778,79.740906,75.077591,30.308065,19.769529,25,0.34795189,2.8120198,NA,90.301079,139.41936,1.0537634,0.24731183,0.95161289,14.327957,200.30107,419.5484,20.401287,42.413979,6218.903226,18.108177,55.639786,34000,67.855
,tau_11,"Male, gender",10,1,NA,NA,NA,NA,NA,NA,NA,NA,NA,NA,NA,NA,NA,NA,NA,NA,NA,NA,NA,NA,NA,NA,NA,NA,NA,NA,NA,NA,NA,0.81942683,0.84929729,NA,0.7818886,0.71308333,0.81160289,0.99768364,0.96442258,0.96255541,0.98102605,0.97405308,0.98674506,0.9961912,0.99707729,0.99767786,0.99996561,0.98393422,NA,10.949378,NA,NA,NA,NA,NA,NA,1.0230837,4.3968964,NA,136.31607,221.25095,3.4095104,3.1826506,20.276577,320.70663,NA,19.782492,41.407295,9865.483676,18.175701,63.19693,1038149.786,NA,NA,41.592072,71.292778,79.740906,75.077591,30.308065,19.769529,25,0.54694629,4.3018355,NA,143.87097,227.68817,1.6451613,0.25268817,0.97849464,16.790323,235.02689,467.36023,23.726566,47.940861,6400.83871,18.55633,57.112904,43644.5,87.854
,tau_11,"Male, gender",11,1,0.87890416,0.21283765,0.76061422,0.5950771,0.40359217,0.41219598,0.33526507,0.052351981,0.27872488,0.28824517,0.24720408,0.087170579,0.1337176,0.25332499,0.11890915,0.18337895,0.163629,0.16836908,0.41749796,0.16028841,0.2052999,0.22382939,0.26606271,0.20294276,0.21634969,0.11554956,0.19439574,0.18423627,0.1813653,0.72136128,0.79769695,NA,0.70968091,0.61502153,0.48453856,0.99654287,0.8439725,0.77854258,0.96882808,0.9673456,0.98134738,0.99795061,0.99104202,0.99820894,0.99999028,0.9874016,NA,10.949378,14.809793,10.546147,9.2759275,8.8741331,2.0773466,NA,2.0643539,5.0430875,NA,161.00438,276.89304,14.742399,3.3658109,25.641472,448.63211,NA,23.193974,46.07098,10272.12173,18.610201,64.672867,1766720.56,NA,NA,41.592072,71.292778,79.740906,75.077591,30.308065,19.769529,25,1.3917482,7.4389944,NA,266.23657,433.28494,8.2365589,0.26881722,1.032258,22.962366,342.65591,565.94086,29.512735,57.274193,6532.849462,19.072948,58.419353,50709,109.597
3,tau_10,"Male, gender",1,0,NA,NA,NA,NA,NA,NA,NA,NA,NA,NA,NA,NA,NA,NA,NA,NA,NA,NA,NA,NA,NA,NA,NA,NA,NA,NA,NA,NA,NA,NA,NA,NA,NA,NA,NA,NA,NA,NA,NA,NA,NA,NA,NA,NA,NA,NA,NA,12.644378,NA,NA,NA,NA,NA,NA,NA,0.3696315,NA,NA,NA,NA,0.086710997,1.2745203,15.944667,NA,1.5730107,3.5061383,NA,NA,NA,NA,NA,NA,36.18264,71.150261,78.75766,72.931068,28.780827,19.308136,24.842106,NA,0.084106393,NA,NA,NA,NA,0.007518797,0.007518797,0.42105263,4.2180452,16.090225,0.7543968,1.7819549,NA,NA,NA,NA,NA
,tau_10,"Male, gender",2,0,NA,NA,NA,NA,NA,NA,NA,NA,NA,NA,NA,NA,NA,NA,NA,NA,NA,NA,NA,NA,NA,NA,NA,NA,NA,NA,NA,NA,NA,NA,NA,NA,NA,NA,NA,NA,0.60514796,0.66017544,0.79424089,0.84268218,0.84406149,NA,NA,NA,NA,NA,NA,12.644378,NA,NA,NA,NA,NA,NA,0.14781354,0.58246028,NA,9.6637239,14.313245,0.44458207,0.14904572,3.0913413,42.206539,NA,4.1793461,9.1974497,NA,NA,NA,NA,NA,NA,36.18264,71.150261,78.75766,72.931068,28.780827,19.308136,24.842106,0.022213079,0.17649692,NA,3.4736843,5.2781954,0.082706764,0.022556391,0.022556391,1.6691729,18.954887,94.067673,3.6355402,7.8571429,NA,NA,NA,NA,NA
,tau_10,"Male, gender",3,0,NA,NA,NA,NA,NA,NA,NA,NA,NA,NA,NA,NA,NA,NA,NA,NA,NA,NA,NA,NA,NA,NA,NA,NA,NA,NA,NA,NA,NA,NA,0.85813046,NA,0.68336809,0.63262033,0.87287158,NA,0.8439185,0.86946285,0.89212412,0.93214726,0.93055362,NA,NA,NA,NA,NA,NA,12.644378,NA,NA,NA,NA,NA,NA,0.10032906,1.1946894,NA,27.218575,40.923645,0.60103577,0.29809144,4.9355841,86.497139,NA,6.3704581,13.938453,NA,NA,NA,NA,NA,NA,36.18264,71.150261,78.75766,72.931068,28.780827,19.308136,24.842106,0.020341242,0.40482548,NA,10.81203,16.759399,0.15789473,0.030075189,0.045112781,2.7969925,36.609024,157.66917,6.3198457,13.172933,NA,NA,NA,NA,NA
,tau_10,"Male, gender",4,0,NA,NA,NA,NA,NA,NA,NA,NA,NA,NA,NA,NA,NA,NA,NA,NA,NA,NA,NA,NA,NA,NA,NA,NA,NA,NA,NA,NA,NA,1,0.92939234,NA,0.91064763,0.89301652,1,1,0.80962712,0.8532998,0.9640696,0.96641654,0.97711855,NA,NA,NA,NA,NA,NA,12.644378,NA,NA,NA,NA,NA,NA,0.15819997,1.6084,NA,38.116222,58.395649,0.76230693,0.29809144,7.7876377,175.354,NA,8.5461006,17.887047,NA,NA,NA,NA,NA,NA,36.18264,71.150261,78.75766,72.931068,28.780827,19.308136,24.842106,0.048366487,0.6490888,NA,16.954887,26.751881,0.2781955,0.030075189,0.045112781,4.3834586,62.796993,200.3158,8.7766209,17.548872,NA,NA,NA,NA,NA
,tau_10,"Male, gender",5,0,NA,NA,NA,NA,NA,NA,NA,NA,NA,NA,NA,NA,NA,NA,NA,NA,NA,NA,NA,NA,NA,NA,NA,NA,NA,NA,NA,NA,NA,0.62131691,0.95844787,NA,0.91437584,0.90188098,0.58883971,0.87038827,0.85222507,0.83797354,0.91197193,0.95095551,0.94075018,NA,NA,NA,NA,NA,NA,12.644378,NA,NA,NA,NA,NA,NA,0.4164333,2.2622271,NA,53.608227,86.296753,1.6455717,0.77475846,11.117457,242.9442,NA,11.443539,23.480942,2037.695995,7.8329029,20.510118,1509.129946,NA,NA,36.18264,71.150261,78.75766,72.931068,28.780827,19.308136,24.842106,0.16883264,1.1340532,NA,31.714285,51.473682,0.66917294,0.12030075,0.22556391,9.1954889,168.63158,298.99249,12.818016,25.751881,1135.864662,6.9181242,20.233082,6000,0.308
,tau_10,"Male, gender",6,0,NA,NA,NA,NA,NA,NA,NA,NA,NA,NA,NA,NA,NA,NA,NA,NA,NA,NA,NA,NA,NA,NA,NA,NA,NA,NA,NA,NA,NA,0.99162042,0.94736075,NA,0.87296873,0.84171915,0.7998001,0.81246281,0.95876378,0.94987375,0.96008086,0.97247386,0.95762545,0.81276762,0.85828143,0.88816661,0.17791641,0.74854958,NA,12.644378,NA,NA,NA,NA,NA,NA,0.55117458,3.1113153,NA,65.008095,108.07768,2.1148663,0.94186205,13.029559,283.78424,NA,14.090142,29.443258,3476.393845,12.284248,30.848446,15672.43488,NA,NA,36.18264,71.150261,78.75766,72.931068,28.780827,19.308136,24.842106,0.25274053,1.7284611,NA,48.451126,79.097748,0.93233085,0.15037593,0.32330826,11.135339,205.30075,355.27069,15.943176,33.06015,2347.135338,12.355168,33.278194,13000,4.621
,tau_10,"Male, gender",7,0,NA,NA,NA,NA,NA,NA,NA,NA,NA,NA,NA,NA,NA,NA,NA,NA,NA,NA,NA,NA,NA,NA,NA,NA,NA,NA,NA,NA,NA,0.99619389,0.97840279,NA,0.90687317,0.91968614,0.97509706,0.98761559,0.96819133,0.96599144,0.98746175,0.98529804,0.98244542,0.94392806,0.9385922,0.96129942,0.95973414,0.93620509,NA,12.644378,NA,NA,NA,NA,NA,NA,0.5591501,3.2153969,NA,70.853371,122.32313,2.3107572,1.01296,14.223956,303.65546,NA,15.850966,34.306007,4294.931824,15.228296,36.272251,37437.46495,NA,NA,36.18264,71.150261,78.75766,72.931068,28.780827,19.308136,24.842106,0.28125167,2.0216589,NA,59.834587,98.458649,1.1278195,0.17293233,0.38345864,12.165414,224.96992,382.64661,17.83058,37.466164,2939.992481,15.142384,40.496239,20000,16.2375
,tau_10,"Male, gender",8,0,NA,NA,NA,NA,NA,NA,NA,NA,NA,NA,NA,NA,NA,NA,NA,NA,NA,NA,NA,NA,NA,NA,NA,NA,NA,NA,NA,NA,NA,0.86787802,0.93002301,NA,0.88093346,0.89842921,0.81871152,0.62453681,0.97678441,0.9859243,0.98657775,0.9900648,0.99223489,0.98465347,0.97317863,0.97190994,0.98539388,0.95700479,NA,12.644378,NA,NA,NA,NA,NA,NA,0.94193125,3.5624399,NA,91.2341,152.05098,3.8150897,1.5647708,15.748186,342.03775,NA,17.914637,38.794174,4701.374435,16.814777,39.224606,58190.26542,NA,NA,36.18264,71.150261,78.75766,72.931068,28.780827,19.308136,24.842106,0.41807532,2.6646187,NA,79.075188,129.23308,1.5037594,0.18796992,0.51879698,13.56391,246.6842,423.54135,20.511005,42.932331,3279.345865,17.511065,47.624062,27000,25.5225
,tau_10,"Male, gender",9,0,NA,NA,NA,NA,NA,NA,NA,NA,NA,NA,NA,NA,NA,NA,NA,NA,NA,NA,NA,NA,NA,NA,NA,NA,NA,NA,NA,NA,NA,0.97297198,0.88828647,NA,0.79306787,0.72571534,0.98006088,0.99328148,0.96712965,0.9903084,0.98854351,0.98857558,0.990686,0.99863136,0.99444699,0.99414849,0.99776083,0.97789717,NA,12.644378,NA,NA,NA,NA,NA,NA,1.24005,3.9915471,NA,106.71516,188.24464,4.4843087,1.6307243,17.523506,364.48737,NA,19.913927,42.212646,4726.482724,17.267054,39.481796,79838.53235,NA,NA,36.18264,71.150261,78.75766,72.931068,28.780827,19.308136,24.842106,0.57815713,3.4888754,NA,106.64661,176,1.9323308,0.18796992,0.5413534,15.390978,271,455.6842,22.83041,47.338345,3392.721805,18.269342,49.774437,38563,47.908
,tau_10,"Male, gender",10,0,NA,NA,NA,NA,NA,NA,NA,NA,NA,NA,NA,NA,NA,NA,NA,NA,NA,NA,NA,NA,NA,NA,NA,NA,NA,NA,NA,NA,NA,0.8657757,0.84868211,NA,0.80105472,0.8326757,0.70109892,0.93995112,0.94560492,0.95307928,0.98044074,0.98103797,0.98597765,0.99360055,0.99699807,0.9976266,0.99951673,0.98653501,NA,12.644378,NA,NA,NA,NA,NA,NA,1.9216164,5.4727731,NA,141.66734,232.76764,7.8333926,1.9280165,20.719675,423.22055,NA,23.127956,46.027351,4736.894964,17.146984,39.147907,102626.3918,NA,NA,36.18264,71.150261,78.75766,72.931068,28.780827,19.308136,24.842106,0.89308745,5.5285072,NA,165.1579,267.40601,3.2631578,0.19548872,0.63909775,18.729322,323.12781,512.66168,26.561325,53.729324,3491.75188,18.704515,50.954887,49026,67.7165
,tau_10,"Male, gender",11,0,0.89532751,0.34806681,0.74059755,0.69464862,0.25367025,0.38627031,0.5076831,0.18677345,0.095147274,0.33800948,0.36530596,0.23546572,0.22427331,0.15672074,0.11144139,0.24027681,0.24807,0.20658278,0.33377838,0.23514789,0.33049044,0.32730329,0.15903625,0.27467588,0.31226403,0.10208261,0.26438946,0.27547359,0.23137309,0.59097028,0.86192745,NA,0.78761178,0.78147596,0.6110782,0.98842353,0.84322244,0.68777752,0.94498545,0.96454334,0.97689867,0.99937683,0.99840671,0.99688804,0.99986023,0.99420977,NA,12.644378,13.842487,10.992267,11.317042,9.0125351,3.5582998,1.820931,3.4856668,6.3187418,NA,158.28761,271.4949,15.923608,2.1900997,33.096901,1071.8469,NA,26.484484,50.036934,4731.147159,16.992767,38.737694,120965.521,NA,NA,36.18264,71.150261,78.75766,72.931068,28.780827,19.308136,24.842106,2.3644323,8.9049759,NA,287.21054,467.3985,11.654136,0.21052632,0.71428573,27.616541,508.98495,641.05261,32.850399,63.842106,3545.097744,19.049746,52.165413,62127,91.703
4,tau_21,"Female, no gender",1,1,NA,NA,NA,NA,NA,NA,NA,NA,NA,NA,NA,NA,NA,NA,NA,NA,NA,NA,NA,NA,NA,NA,NA,NA,NA,NA,NA,NA,NA,NA,NA,NA,NA,NA,NA,NA,NA,NA,NA,NA,NA,NA,NA,NA,NA,NA,NA,12.498728,NA,NA,NA,NA,NA,NA,NA,0.20561692,NA,NA,NA,NA,0.071247049,1.2410667,17.724936,NA,1.5606794,3.327033,NA,NA,NA,NA,NA,NA,39.94083,71.980278,77.904106,74.335426,30.05698,19.419308,24.859137,NA,0.055374097,NA,NA,NA,NA,0.005076142,0.005076142,0.33502537,4.0101523,11.563452,0.59408098,1.3299493,NA,NA,NA,NA,NA
,tau_21,"Female, no gender",2,1,NA,NA,NA,NA,NA,NA,NA,NA,NA,NA,NA,NA,NA,NA,NA,NA,NA,NA,NA,NA,NA,NA,NA,NA,NA,NA,NA,NA,NA,NA,NA,NA,NA,NA,NA,NA,0.70950019,0.71390897,0.55034167,0.73298687,0.74547434,NA,NA,NA,NA,NA,NA,12.498728,NA,NA,NA,NA,NA,NA,0.19170451,0.32744575,NA,11.909119,18.109251,0.43546546,0.25138175,2.7328191,44.700291,NA,3.8456068,8.3261929,NA,NA,NA,NA,NA,NA,39.94083,71.980278,77.904106,74.335426,30.05698,19.419308,24.859137,0.040237021,0.10274278,NA,3.6903553,5.4873095,0.0964467,0.05076142,0.055837564,1.2385787,15.228426,93.492386,3.304493,7.2588835,NA,NA,NA,NA,NA
,tau_21,"Female, no gender",3,1,NA,NA,NA,NA,NA,NA,NA,NA,NA,NA,NA,NA,NA,NA,NA,NA,NA,NA,NA,NA,NA,NA,NA,NA,NA,NA,NA,NA,NA,NA,0.89231038,NA,0.82506233,0.8177501,1,1,0.87029666,0.90411371,0.9140687,0.90704989,0.90632379,NA,NA,NA,NA,NA,NA,12.498728,NA,NA,NA,NA,NA,NA,0.1337737,0.78129619,NA,27.38027,40.960026,0.64396405,0.26861447,5.4227815,71.542374,NA,5.809485,12.1523,NA,NA,NA,NA,NA,NA,39.94083,71.980278,77.904106,74.335426,30.05698,19.419308,24.859137,0.033518605,0.25742599,NA,9.6446705,14.203046,0.19796954,0.060913704,0.065989845,2.3654823,28.786802,146.91371,5.4271269,11.538071,NA,NA,NA,NA,NA
,tau_21,"Female, no gender",4,1,NA,NA,NA,NA,NA,NA,NA,NA,NA,NA,NA,NA,NA,NA,NA,NA,NA,NA,NA,NA,NA,NA,NA,NA,NA,NA,NA,NA,NA,1,0.74205911,NA,0.73739982,0.74977803,0.97293019,1,0.91417342,0.8812626,0.96305585,0.94363666,0.94277078,NA,NA,NA,NA,NA,NA,12.498728,NA,NA,NA,NA,NA,NA,0.15014045,1.1954482,NA,43.846363,65.14933,0.7330035,0.29190183,7.7417326,128.62151,NA,7.6586757,15.664502,NA,NA,NA,NA,NA,NA,39.94083,71.980278,77.904106,74.335426,30.05698,19.419308,24.859137,0.047214393,0.47082311,NA,17.614214,26.502539,0.2538071,0.076142132,0.081218272,3.5228426,48.081219,181.67513,7.2422094,14.969543,NA,NA,NA,NA,NA
,tau_21,"Female, no gender",5,1,NA,NA,NA,NA,NA,NA,NA,NA,NA,NA,NA,NA,NA,NA,NA,NA,NA,NA,NA,NA,NA,NA,NA,NA,NA,NA,NA,NA,NA,0.70073509,0.92738211,NA,0.93999505,0.93279254,0.64696443,0.79266918,0.93411636,0.8512916,0.64782447,0.86737823,0.79482031,NA,NA,NA,NA,NA,NA,12.498728,NA,NA,NA,NA,NA,NA,0.43618268,1.7442057,NA,59.113457,90.153008,1.5339994,4.1677008,10.483332,199.29674,NA,11.827332,27.508865,5430.608104,12.521832,42.492596,2135.577152,NA,NA,39.94083,71.980278,77.904106,74.335426,30.05698,19.419308,24.859137,0.14041619,0.87145686,NA,31.345179,47.807106,0.51269037,0.16751269,0.79187816,7.6192894,138.17766,298.07614,11.328288,24.045685,3106.248731,8.7243309,27.634518,6000,0.485
,tau_21,"Female, no gender",6,1,NA,NA,NA,NA,NA,NA,NA,NA,NA,NA,NA,NA,NA,NA,NA,NA,NA,NA,NA,NA,NA,NA,NA,NA,NA,NA,NA,NA,NA,0.98267424,0.83673221,NA,0.86764336,0.86988741,0.8156299,0.99624628,0.96461892,0.93931895,0.98854321,0.97015315,0.95953274,0.80457056,0.86173105,0.93534893,0.66704679,0.79109019,NA,12.498728,NA,NA,NA,NA,NA,NA,0.55015302,2.1265049,NA,70.787956,107.55834,1.9601198,4.5990653,11.473473,224.42453,NA,14.421005,34.070305,8669.930069,19.669712,56.77721,8488.191946,NA,NA,39.94083,71.980278,77.904106,74.335426,30.05698,19.419308,24.859137,0.24676371,1.3770096,NA,46.507614,71.223351,0.78680205,0.19796954,0.95939088,9.3299494,169.80711,357.22336,14.584166,32.101524,5785.15736,15.689301,45.304569,12700.5,6.507
,tau_21,"Female, no gender",7,1,NA,NA,NA,NA,NA,NA,NA,NA,NA,NA,NA,NA,NA,NA,NA,NA,NA,NA,NA,NA,NA,NA,NA,NA,NA,NA,NA,NA,NA,0.97618979,0.97090554,NA,0.95879149,0.95676136,0.89064246,0.99858147,0.99012768,0.98197442,0.99179256,0.97322756,0.94692641,0.9763388,0.93717009,0.9851076,0.92959064,0.64582354,NA,12.498728,NA,NA,NA,NA,NA,NA,0.67722797,2.3487985,NA,79.255386,120.30941,2.4322371,4.6416883,11.990148,230.40627,NA,16.445555,41.768631,9338.03937,24.650263,62.813381,15700.17502,NA,NA,39.94083,71.980278,77.904106,74.335426,30.05698,19.419308,24.859137,0.29490128,1.6351821,NA,56.040607,85.746193,0.9492386,0.21319798,1.0253807,10.040609,180.48224,388.8071,16.53919,37.233501,6621.456853,19.156818,53.309643,19351,21.131
,tau_21,"Female, no gender",8,1,NA,NA,NA,NA,NA,NA,NA,NA,NA,NA,NA,NA,NA,NA,NA,NA,NA,NA,NA,NA,NA,NA,NA,NA,NA,NA,NA,NA,NA,0.8951686,0.94460005,NA,0.94886768,0.94644457,0.91982985,0.9991309,0.94874543,0.97424078,0.9937976,0.98695064,0.98874223,0.97396606,0.98811513,0.97929347,0.96832108,0.51000005,NA,12.498728,NA,NA,NA,NA,NA,NA,0.98486954,2.7840683,NA,95.390129,144.98398,3.2197399,4.6979465,13.619005,245.1277,NA,18.573362,46.671623,9917.027046,26.329891,70.424911,25813.08156,NA,NA,39.94083,71.980278,77.904106,74.335426,30.05698,19.419308,24.859137,0.41469437,2.1092436,NA,72.157364,110.21828,1.2030457,0.23350254,1.0761421,11.329949,196.57361,423.19797,19.244104,43.604061,7295.903553,21.40976,61.532993,27000,44.74
,tau_21,"Female, no gender",9,1,NA,NA,NA,NA,NA,NA,NA,NA,NA,NA,NA,NA,NA,NA,NA,NA,NA,NA,NA,NA,NA,NA,NA,NA,NA,NA,NA,NA,NA,0.96419322,0.93773955,NA,0.95313442,0.9462927,0.97194368,0.99973983,0.95438939,0.93022203,0.99138892,0.98635489,0.99302799,0.99803275,0.99552137,0.99707586,0.98426437,0.95931262,NA,12.498728,NA,NA,NA,NA,NA,NA,1.2722119,3.2326636,NA,110.64593,167.26833,4.1353798,4.7226892,15.580658,281.79385,NA,20.377529,50.247078,10056.89532,26.66345,72.973717,39769.45065,NA,NA,39.94083,71.980278,77.904106,74.335426,30.05698,19.419308,24.859137,0.50738645,2.7180181,NA,91.776649,140.89848,1.4162437,0.24365482,1.1116751,12.908629,219.18274,455.60913,21.400171,47.918781,7514.238579,22.214367,64.284264,34000,93.426
,tau_21,"Female, no gender",10,1,NA,NA,NA,NA,NA,NA,NA,NA,NA,NA,NA,NA,NA,NA,NA,NA,NA,NA,NA,NA,NA,NA,NA,NA,NA,NA,NA,NA,NA,0.96832144,0.82920837,NA,0.86265188,0.8396138,0.94903767,1,0.95610845,0.97825527,0.9879905,0.98217136,0.98945946,0.99727541,0.99842602,0.99855429,0.99251503,0.9986102,NA,12.498728,NA,NA,NA,NA,NA,NA,1.6213387,4.0780787,NA,140.27469,215.49847,5.6745081,4.7239227,18.251572,313.61975,NA,22.239105,53.014549,10062.23096,26.618401,73.859016,55550.24821,NA,NA,39.94083,71.980278,77.904106,74.335426,30.05698,19.419308,24.859137,0.8013379,4.064249,NA,137.41624,213.5533,2.3248732,0.24873096,1.1269035,15.050761,245.14214,497.22336,23.983906,52.756344,7740.416244,22.831387,66.116753,41000,101.271
,tau_21,"Female, no gender",11,1,0.82896745,0.36758325,0.78922009,0.70104593,0.20850447,0.40655464,0.23560961,0.015221342,0.00910588,0.29039687,0.29717594,0.15800847,0.1918373,0.35810956,0.2902492,0.23680849,0.060815133,0.2097653,0.3551268,0.30733851,0.12311852,0.14613771,0.32210031,0.23598428,0.20836604,0.28764796,0.23910522,0.10359008,0.21121293,0.75097972,0.75306797,NA,0.71342629,0.64042485,0.54677695,0.98623383,0.84263355,0.81699204,0.97296506,0.96926486,0.98319709,0.99857825,0.99746531,0.99921674,0.99701786,0.99986446,NA,12.498728,15.502181,10.259069,10.912213,8.7817678,3.1923003,1.7909261,2.6925294,5.0691471,NA,162.55669,268.24454,15.223622,4.8089361,24.918221,464.7674,NA,25.75738,58.234589,10039.69208,26.706884,73.922623,70704.95782,NA,NA,39.94083,71.980278,77.904106,74.335426,30.05698,19.419308,24.859137,1.8732669,7.5927639,NA,268.94415,432.28934,8.9187813,0.2538071,1.1928934,20.583755,334.61423,595.50763,29.611172,63.055836,7864.807107,23.334068,67.385788,48130,108.151
5,tau_20,"Female, no gender",1,0,NA,NA,NA,NA,NA,NA,NA,NA,NA,NA,NA,NA,NA,NA,NA,NA,NA,NA,NA,NA,NA,NA,NA,NA,NA,NA,NA,NA,NA,NA,NA,NA,NA,NA,NA,NA,NA,NA,NA,NA,NA,NA,NA,NA,NA,NA,NA,15.017799,NA,NA,NA,NA,NA,NA,NA,0.34148797,NA,NA,NA,NA,0.11994568,1.5756934,24.411598,NA,1.7362286,3.5320239,NA,NA,NA,NA,NA,NA,36.084053,74.323753,79.933464,73.244804,28.63279,19.702597,24.90942,NA,0.098605536,NA,NA,NA,NA,0.014492754,0.014492754,0.44927537,5.0289855,18.123188,0.80935824,1.8115942,NA,NA,NA,NA,NA
,tau_20,"Female, no gender",2,0,NA,NA,NA,NA,NA,NA,NA,NA,NA,NA,NA,NA,NA,NA,NA,NA,NA,NA,NA,NA,NA,NA,NA,NA,NA,NA,NA,NA,NA,NA,NA,NA,NA,NA,NA,NA,0.81346381,0.82750362,0.51862025,0.77256399,0.72159237,NA,NA,NA,NA,NA,NA,15.017799,NA,NA,NA,NA,NA,NA,0.1241122,0.38003081,NA,13.62283,24.290112,0.37762445,0.16837692,3.1165264,48.288528,NA,3.7942274,8.4777107,NA,NA,NA,NA,NA,NA,36.084053,74.323753,79.933464,73.244804,28.63279,19.702597,24.90942,0.024246227,0.11431357,NA,3.6666667,6.347826,0.057971016,0.028985508,0.028985508,1.615942,19.630434,105.94927,3.9233685,8.710145,NA,NA,NA,NA,NA
,tau_20,"Female, no gender",3,0,NA,NA,NA,NA,NA,NA,NA,NA,NA,NA,NA,NA,NA,NA,NA,NA,NA,NA,NA,NA,NA,NA,NA,NA,NA,NA,NA,NA,NA,NA,0.75057256,NA,0.86112517,0.8997615,1,NA,0.80471987,0.83971876,0.88066447,0.87010413,0.89662254,NA,NA,NA,NA,NA,NA,15.017799,NA,NA,NA,NA,NA,NA,0.18866588,0.76678103,NA,26.014961,46.104267,0.64968318,0.16837692,4.8888254,92.90506,NA,6.0549846,11.954569,NA,NA,NA,NA,NA,NA,36.084053,74.323753,79.933464,73.244804,28.63279,19.702597,24.90942,0.045003459,0.28631252,NA,9.26087,16.130434,0.17391305,0.028985508,0.028985508,2.8623188,37.34058,178.5,7.0295172,14.210145,NA,NA,NA,NA,NA
,tau_20,"Female, no gender",4,0,NA,NA,NA,NA,NA,NA,NA,NA,NA,NA,NA,NA,NA,NA,NA,NA,NA,NA,NA,NA,NA,NA,NA,NA,NA,NA,NA,NA,NA,0.96719581,0.88850623,NA,0.84469551,0.81275696,1,NA,0.86785567,0.83723885,0.94840282,0.93892944,0.95336705,NA,NA,NA,NA,NA,NA,15.017799,NA,NA,NA,NA,NA,NA,0.26585734,1.1323972,NA,42.027657,71.565201,0.80636024,0.16837692,6.8764505,142.76831,NA,7.9475932,14.820575,NA,NA,NA,NA,NA,NA,36.084053,74.323753,79.933464,73.244804,28.63279,19.702597,24.90942,0.081122033,0.51747012,NA,18.528986,31.253624,0.26811594,0.028985508,0.028985508,4.253623,60.2029,225.15942,9.6214151,18.68116,NA,NA,NA,NA,NA
,tau_20,"Female, no gender",5,0,NA,NA,NA,NA,NA,NA,NA,NA,NA,NA,NA,NA,NA,NA,NA,NA,NA,NA,NA,NA,NA,NA,NA,NA,NA,NA,NA,NA,NA,0.77467763,0.790573,NA,0.85544235,0.85294443,0.13989821,NA,0.87549877,0.84571439,0.91058338,0.91928464,0.88511759,NA,NA,NA,NA,NA,NA,15.017799,NA,NA,NA,NA,NA,NA,0.33340403,1.8497583,NA,58.754498,100.82755,1.4154286,1.4502578,10.214843,236.67758,NA,10.752114,19.88406,2504.609929,7.0211473,24.133467,1549.123556,NA,NA,36.084053,74.323753,79.933464,73.244804,28.63279,19.702597,24.90942,0.13801314,1.1025882,NA,36.15942,60.615944,0.51449275,0.14492753,0.44927537,9.34058,162.07971,327.33334,14.255925,27.492754,1262.949275,6.5694633,19.746376,6000,0.372
,tau_20,"Female, no gender",6,0,NA,NA,NA,NA,NA,NA,NA,NA,NA,NA,NA,NA,NA,NA,NA,NA,NA,NA,NA,NA,NA,NA,NA,NA,NA,NA,NA,NA,NA,1,0.8810333,NA,0.92505908,0.92831504,0.51397347,0.91340995,0.9360851,0.92460686,0.96243292,0.96654499,0.9571951,0.83213961,0.81775206,0.92726916,0.51048291,0.95635402,NA,15.017799,NA,NA,NA,NA,NA,NA,0.62092865,2.3440244,NA,68.831749,115.41862,2.5415618,1.6907287,12.345688,293.59406,NA,12.576679,23.097969,3700.846307,10.20468,32.255642,15475.88956,NA,NA,36.084053,74.323753,79.933464,73.244804,28.63279,19.702597,24.90942,0.3047899,1.66816,NA,53.68116,88.173912,0.9130435,0.16666667,0.57971013,11.65942,213.54347,384.86957,17.36578,34.195652,2375.826087,11.430208,31.289856,12748,2.522
,tau_20,"Female, no gender",7,0,NA,NA,NA,NA,NA,NA,NA,NA,NA,NA,NA,NA,NA,NA,NA,NA,NA,NA,NA,NA,NA,NA,NA,NA,NA,NA,NA,NA,NA,0.974473,0.95212376,NA,0.97040731,0.9705686,0.99273604,0.9496333,0.96115613,0.96705884,0.97446513,0.96042466,0.91994935,0.94843566,0.90324718,0.94826049,0.99105459,0.94311851,NA,15.017799,NA,NA,NA,NA,NA,NA,0.70301843,2.6419842,NA,74.273468,125.33128,2.6653705,2.0173268,14.614256,326.00357,NA,14.656443,27.126696,4387.052509,12.681565,38.04784,30178.1435,NA,NA,36.084053,74.323753,79.933464,73.244804,28.63279,19.702597,24.90942,0.36066699,2.0477459,NA,63.760868,105.47102,1.0724638,0.18115942,0.72463769,13.282609,243.16667,425.65216,20.048216,39.84058,2900.217391,14.243895,39.47826,19237,9.8055
,tau_20,"Female, no gender",8,0,NA,NA,NA,NA,NA,NA,NA,NA,NA,NA,NA,NA,NA,NA,NA,NA,NA,NA,NA,NA,NA,NA,NA,NA,NA,NA,NA,NA,NA,0.77072769,0.91045344,NA,0.90959054,0.93249196,0.64031404,0.95297539,0.97010702,0.98385066,0.97847825,0.9773885,0.96913713,0.98908168,0.96973318,0.9731279,0.98979712,0.95962518,NA,15.017799,NA,NA,NA,NA,NA,NA,0.90349758,3.1389823,NA,88.775047,144.98126,4.0067978,2.2034588,16.120468,370.45584,NA,17.04073,31.929842,4711.428738,13.55666,41.45256,47090.61409,NA,NA,36.084053,74.323753,79.933464,73.244804,28.63279,19.702597,24.90942,0.48025319,2.6751332,NA,83.326088,135.94928,1.5869565,0.21014492,0.83333331,14.92029,270.34784,475.83334,23.373987,46.942028,3148.73913,16.339954,46.239132,26522,19.977
,tau_20,"Female, no gender",9,0,NA,NA,NA,NA,NA,NA,NA,NA,NA,NA,NA,NA,NA,NA,NA,NA,NA,NA,NA,NA,NA,NA,NA,NA,NA,NA,NA,NA,NA,0.98961991,0.92271471,NA,0.92785197,0.91656703,0.95668685,0.92910403,0.97497278,0.97810769,0.98666644,0.97641373,0.97948831,0.99474955,0.98863965,0.99012709,0.99464291,0.94592202,NA,15.017799,NA,NA,NA,NA,NA,NA,0.95809895,4.0915713,NA,110.02918,177.26947,4.8154397,2.4754801,19.677412,432.09091,NA,20.39197,35.757645,4822.50632,13.555176,42.426056,64716.38716,NA,NA,36.084053,74.323753,79.933464,73.244804,28.63279,19.702597,24.90942,0.56028539,3.4756832,NA,106.64493,174.21739,2.036232,0.22463769,0.942029,16.81884,295.44202,514.73187,26.401554,52.586956,3320.130435,17.448343,49.565216,34000,33.381
,tau_20,"Female, no gender",10,0,NA,NA,NA,NA,NA,NA,NA,NA,NA,NA,NA,NA,NA,NA,NA,NA,NA,NA,NA,NA,NA,NA,NA,NA,NA,NA,NA,NA,NA,0.73815584,0.85973823,NA,0.84166795,0.81688887,0.87863582,0.99607468,0.94703233,0.91281515,0.97874624,0.97789127,0.97027636,0.9968102,0.9767648,0.9958955,0.99618858,0.98209721,NA,15.017799,NA,NA,NA,NA,NA,NA,1.3749399,6.0414219,NA,153.70825,255.4861,7.3335114,2.5329835,21.806067,476.93494,NA,21.61661,38.397247,4840.26506,13.383716,42.255577,81089.23827,NA,NA,36.084053,74.323753,79.933464,73.244804,28.63279,19.702597,24.90942,0.91181928,5.9898124,NA,174.08696,286.83334,3.4347825,0.24637681,0.99275362,19.746376,340.4855,564.84058,30.058008,59.905796,3396.956522,18.288181,51.115944,41233.5,45.6155
,tau_20,"Female, no gender",11,0,0.85986394,0.14494199,0.78300041,0.62761402,0.24611938,0.52158362,0.35042584,0.21143626,0.0179253,0.43104798,0.51148838,0.20859413,0.14561626,0.38671869,0.22933747,0.20715988,0.13905507,0.25005886,0.22221622,0.22402523,0.21099129,0.21097155,0.16385643,0.27674994,0.27589688,0.22933747,0.21845768,0.15447807,0.25531012,0.83427352,0.83310872,NA,0.709167,0.69634473,0.52695656,0.69441682,0.90287977,0.96461236,0.89367437,0.9497391,0.95943654,0.990251,0.99388117,0.99660605,0.99687564,0.99705249,NA,15.017799,10.723019,9.4808912,10.568197,9.784791,2.1635001,1.0640707,2.62676,6.8809114,NA,172.40005,291.88449,18.933157,3.7227304,24.836203,513.23602,NA,24.293135,42.872337,4848.04269,13.24067,41.764889,95620.9022,NA,NA,36.084053,74.323753,79.933464,73.244804,28.63279,19.702597,24.90942,1.8255538,9.6232414,NA,299.27536,498.24637,12.42029,0.25362319,1.384058,25.666666,419.3913,710.16669,37.423134,72.144928,3517.253623,18.832373,52.565216,47207,49.232
6,tau_31,"Female, gender",1,1,NA,NA,NA,NA,NA,NA,NA,NA,NA,NA,NA,NA,NA,NA,NA,NA,NA,NA,NA,NA,NA,NA,NA,NA,NA,NA,NA,NA,NA,NA,NA,NA,NA,NA,NA,NA,NA,NA,NA,NA,NA,NA,NA,NA,NA,NA,NA,11.522993,NA,NA,NA,NA,NA,NA,NA,0.24770592,NA,NA,NA,NA,0.075377837,1.7137243,17.778631,NA,1.4635953,3.2176259,NA,NA,NA,NA,NA,NA,39.996662,68.901459,78.8246,74.282715,30.079262,19.345499,24.857954,NA,0.042961005,NA,NA,NA,NA,0.005681818,0.005681818,0.39204547,3.4829545,13.710227,0.56567895,1.2840909,NA,NA,NA,NA,NA
,tau_31,"Female, gender",2,1,NA,NA,NA,NA,NA,NA,NA,NA,NA,NA,NA,NA,NA,NA,NA,NA,NA,NA,NA,NA,NA,NA,NA,NA,NA,NA,NA,NA,NA,NA,NA,NA,NA,NA,NA,NA,0.91201496,0.97206473,0.8128193,0.82425451,0.82081145,NA,NA,NA,NA,NA,NA,11.522993,NA,NA,NA,NA,NA,NA,0.12935209,0.25884703,NA,9.1126213,15.442788,0.38574433,0.18198045,2.7689314,39.293793,NA,3.3024731,7.1546187,NA,NA,NA,NA,NA,NA,39.996662,68.901459,78.8246,74.282715,30.079262,19.345499,24.857954,0.030122967,0.069715559,NA,2.2386363,3.5170455,0.073863633,0.03409091,0.03409091,1.0852273,12.403409,84.63636,2.9244998,6.5,NA,NA,NA,NA,NA
,tau_31,"Female, gender",3,1,NA,NA,NA,NA,NA,NA,NA,NA,NA,NA,NA,NA,NA,NA,NA,NA,NA,NA,NA,NA,NA,NA,NA,NA,NA,NA,NA,NA,NA,NA,0.67807686,NA,0.71228898,0.80003798,0.67372155,NA,0.85331148,0.78383106,0.85484189,0.85665405,0.83357972,NA,NA,NA,NA,NA,NA,11.522993,NA,NA,NA,NA,NA,NA,0.10586576,0.68819863,NA,23.130068,39.328617,0.59945863,0.19598237,4.0191588,56.519478,NA,5.0371809,11.189164,NA,NA,NA,NA,NA,NA,39.996662,68.901459,78.8246,74.282715,30.079262,19.345499,24.857954,0.024535518,0.24882808,NA,8.25,13.176136,0.17045455,0.039772727,0.039772727,2.1704545,23.994318,145.23296,5.1501017,10.840909,NA,NA,NA,NA,NA
,tau_31,"Female, gender",4,1,NA,NA,NA,NA,NA,NA,NA,NA,NA,NA,NA,NA,NA,NA,NA,NA,NA,NA,NA,NA,NA,NA,NA,NA,NA,NA,NA,NA,NA,1,0.93050033,NA,0.79889381,0.79378104,1,NA,0.75616288,0.79181594,0.9770183,0.95751065,0.96687114,NA,NA,NA,NA,NA,NA,11.522993,NA,NA,NA,NA,NA,NA,0.11707833,1.0072293,NA,34.477173,60.090313,0.61788809,0.24541245,6.5249147,81.017723,NA,6.6070199,15.099849,NA,NA,NA,NA,NA,NA,39.996662,68.901459,78.8246,74.282715,30.079262,19.345499,24.857954,0.031172434,0.37401655,NA,13.318182,22.011364,0.1875,0.045454547,0.051136363,3.3238637,35.44318,175.125,6.8189969,14.017045,NA,NA,NA,NA,NA
,tau_31,"Female, gender",5,1,NA,NA,NA,NA,NA,NA,NA,NA,NA,NA,NA,NA,NA,NA,NA,NA,NA,NA,NA,NA,NA,NA,NA,NA,NA,NA,NA,NA,NA,0.45261678,0.82996142,NA,0.88057697,0.87330449,0.83599359,0.034647945,0.86933941,0.66113055,0.91116208,0.91745538,0.91243619,NA,NA,NA,NA,NA,NA,11.522993,NA,NA,NA,NA,NA,NA,0.40407556,1.5669895,NA,45.646168,77.81292,1.2961357,0.71910387,10.365525,214.10799,NA,9.5372515,20.375307,4119.694516,9.6753931,31.659121,1852.687871,NA,NA,39.996662,68.901459,78.8246,74.282715,30.079262,19.345499,24.857954,0.16266114,0.87439626,NA,26.789772,43.579544,0.50568181,0.14204545,0.24431819,7.9602275,141.13637,269.89206,10.756503,21.71591,2495.795455,8.0779018,25.119318,6000,0.607
,tau_31,"Female, gender",6,1,NA,NA,NA,NA,NA,NA,NA,NA,NA,NA,NA,NA,NA,NA,NA,NA,NA,NA,NA,NA,NA,NA,NA,NA,NA,NA,NA,NA,NA,0.95878947,0.88363624,NA,0.84336638,0.87810719,0.78274053,0.70454544,0.94683808,0.96165645,0.96955645,0.94695199,0.90570384,0.88512731,0.91682684,0.94837481,0.76239932,0.94849002,NA,11.522993,NA,NA,NA,NA,NA,NA,0.43830112,2.1383505,NA,55.964783,95.043762,1.5925047,1.0656381,12.297476,231.69675,NA,11.836248,26.523186,6326.159964,13.619802,42.480095,6069.149628,NA,NA,39.996662,68.901459,78.8246,74.282715,30.079262,19.345499,24.857954,0.21503972,1.3824013,NA,42.50568,68.0625,0.6875,0.16477273,0.36363637,9.579545,166.91478,323.30682,13.781424,29.670454,4476.244318,13.562855,40.460228,12684,5.7945
,tau_31,"Female, gender",7,1,NA,NA,NA,NA,NA,NA,NA,NA,NA,NA,NA,NA,NA,NA,NA,NA,NA,NA,NA,NA,NA,NA,NA,NA,NA,NA,NA,NA,NA,0.92920679,0.94854844,NA,0.88672984,0.90608031,0.92715997,0.97442472,0.93477637,0.97612065,0.99224174,0.98651433,0.9857378,0.96540034,0.9703325,0.9768241,0.9254815,0.98441482,NA,11.522993,NA,NA,NA,NA,NA,NA,0.4739666,2.3620696,NA,66.054199,112.0463,1.8976403,1.1739599,13.606271,241.99463,NA,13.143537,29.539391,7372.006928,15.222895,47.997025,11269.18202,NA,NA,39.996662,68.901459,78.8246,74.282715,30.079262,19.345499,24.857954,0.2462001,1.7069645,NA,53.11932,85.125,0.81818181,0.1875,0.43181819,10.653409,179.42046,348.43182,15.488162,33.636364,5368.721591,16.057648,48.801136,19683,24.719
,tau_31,"Female, gender",8,1,NA,NA,NA,NA,NA,NA,NA,NA,NA,NA,NA,NA,NA,NA,NA,NA,NA,NA,NA,NA,NA,NA,NA,NA,NA,NA,NA,NA,NA,0.94469994,0.9367981,NA,0.89094394,0.84920335,0.94079494,0.93798774,0.98452127,0.98964494,0.98969293,0.99038523,0.98805028,0.9831298,0.96464193,0.98017448,0.93191022,0.98197192,NA,11.522993,NA,NA,NA,NA,NA,NA,0.57625633,3.2362792,NA,80.902145,142.92969,2.3430402,1.4101557,15.380304,259.67719,NA,15.035772,33.613163,7991.963135,16.138754,52.099293,20655.37209,NA,NA,39.996662,68.901459,78.8246,74.282715,30.079262,19.345499,24.857954,0.32941532,2.2949073,NA,71.05114,116.57954,1.0397727,0.19886364,0.50568181,11.727273,192.28409,378.32385,17.64361,38.8125,5922.875,18.167175,55.971592,27000,55.389
,tau_31,"Female, gender",9,1,NA,NA,NA,NA,NA,NA,NA,NA,NA,NA,NA,NA,NA,NA,NA,NA,NA,NA,NA,NA,NA,NA,NA,NA,NA,NA,NA,NA,NA,0.9317255,0.8717556,NA,0.86946213,0.90614271,0.84636748,0.97929215,0.98122954,0.92873877,0.9886499,0.9821822,0.98976725,0.99301964,0.98202127,0.99722475,0.96827537,0.97425193,NA,11.522993,NA,NA,NA,NA,NA,NA,0.70592219,3.9847903,NA,101.31379,170.92787,3.1890235,1.4730369,17.822847,324.93652,NA,16.771776,36.000782,8251.818614,16.576262,52.694023,33447.14576,NA,NA,39.996662,68.901459,78.8246,74.282715,30.079262,19.345499,24.857954,0.44443303,3.0217829,NA,93.36364,150.99432,1.3863636,0.21022727,0.53977275,13.306818,224.26704,409.53409,19.807293,42.653408,6134.494318,19.158007,58.159092,35364.5,77.1885
,tau_31,"Female, gender",10,1,NA,NA,NA,NA,NA,NA,NA,NA,NA,NA,NA,NA,NA,NA,NA,NA,NA,NA,NA,NA,NA,NA,NA,NA,NA,NA,NA,NA,NA,0.60294622,0.88684666,NA,0.84138441,0.85650486,0.58806586,0.99740136,0.88008142,0.88285398,0.97916383,0.97511649,0.9846226,0.99707627,0.99830312,0.99867076,0.98953199,0.98088986,NA,11.522993,NA,NA,NA,NA,NA,NA,1.7788677,5.4928684,NA,137.42896,222.16608,6.5320687,1.4903913,24.009398,419.0889,NA,19.676212,40.002441,8370.886699,16.537809,53.249226,48304.00846,NA,NA,39.996662,68.901459,78.8246,74.282715,30.079262,19.345499,24.857954,0.93863297,4.6334648,NA,140.51704,224.75,2.8295455,0.23295455,0.58522725,16.892046,282.15909,456.77841,22.98411,48.147728,6277.278409,19.506821,59.25,44812.5,95.38
,tau_31,"Female, gender",11,1,0.88202125,0.42558134,0.76227587,0.65128767,0.43202507,0.38071737,0.29074869,0.058457986,0.11260007,0.34089291,0.16788933,0.1667019,0.2549063,0.24139087,0.18643491,0.1669834,0.16625187,0.16978273,0.4207595,0.12912825,0.20923461,0.19365849,0.17335801,0.19487178,0.19295901,0.19359948,0.18284456,0.14696705,0.17833802,0.75450385,0.81357759,NA,0.73472255,0.71605211,0.58119518,0.93969226,0.9020679,0.88976336,0.95986253,0.96308172,0.97699767,0.82855415,0.99331939,0.99800009,0.99640554,0.98975474,NA,11.522993,18.149242,11.143261,11.474365,9.7526321,3.4369757,1.8844459,3.3434377,6.3442016,NA,163.43944,275.23672,17.032238,1.5931264,31.414419,568.60364,NA,22.977247,43.979336,9669.659348,16.411583,53.223782,62486.93051,NA,NA,39.996662,68.901459,78.8246,74.282715,30.079262,19.345499,24.857954,2.1352105,8.2157297,NA,261.64206,426.11932,9.994318,0.23863636,0.64772725,24.255682,398.76706,564.66479,29.04319,58.653408,6812.926136,19.919394,60.227272,54298.5,114.9635
7,tau_30,"Female, gender",1,0,NA,NA,NA,NA,NA,NA,NA,NA,NA,NA,NA,NA,NA,NA,NA,NA,NA,NA,NA,NA,NA,NA,NA,NA,NA,NA,NA,NA,NA,NA,NA,NA,NA,NA,NA,NA,NA,NA,NA,NA,NA,NA,NA,NA,NA,NA,NA,12.430654,NA,NA,NA,NA,NA,NA,NA,0.16117732,NA,NA,NA,NA,0.082760587,1.2788937,24.554199,NA,1.4291456,3.2414417,NA,NA,NA,NA,NA,NA,36.344986,73.228668,78.179672,75.035927,30.869179,19.349966,24.81678,NA,0.038003154,NA,NA,NA,NA,0.006849315,0.006849315,0.4041096,4.6369863,17.452055,0.74278229,1.6849315,NA,NA,NA,NA,NA
,tau_30,"Female, gender",2,0,NA,NA,NA,NA,NA,NA,NA,NA,NA,NA,NA,NA,NA,NA,NA,NA,NA,NA,NA,NA,NA,NA,NA,NA,NA,NA,NA,NA,NA,NA,NA,NA,NA,NA,NA,NA,0.6230278,0.91575575,0.57741016,0.58865786,0.63359684,NA,NA,NA,NA,NA,NA,12.430654,NA,NA,NA,NA,NA,NA,0.17094249,0.49997458,NA,11.431932,19.111395,0.43819746,0.2170137,3.0513554,68.743011,NA,4.3110967,8.3753014,NA,NA,NA,NA,NA,NA,36.344986,73.228668,78.179672,75.035927,30.869179,19.349966,24.81678,0.039165281,0.12540604,NA,3.2876713,5.2671232,0.089041099,0.02739726,0.034246575,1.5547945,18.623287,103.45206,4.1398754,8.7534246,NA,NA,NA,NA,NA
,tau_30,"Female, gender",3,0,NA,NA,NA,NA,NA,NA,NA,NA,NA,NA,NA,NA,NA,NA,NA,NA,NA,NA,NA,NA,NA,NA,NA,NA,NA,NA,NA,NA,NA,NA,0.90841645,NA,0.82535672,0.82504809,0.90748519,1,0.81052387,0.85870141,0.87683481,0.90015066,0.89801311,NA,NA,NA,NA,NA,NA,12.430654,NA,NA,NA,NA,NA,NA,0.11522277,1.1580899,NA,27.758141,41.822369,0.70241505,0.2170137,5.4369402,129.10284,NA,7.090673,12.613758,NA,NA,NA,NA,NA,NA,36.344986,73.228668,78.179672,75.035927,30.869179,19.349966,24.81678,0.027238645,0.34191364,NA,9.7328768,14.917809,0.2260274,0.02739726,0.034246575,3.1095891,44.739727,179.54109,7.3747258,14.5,NA,NA,NA,NA,NA
,tau_30,"Female, gender",4,0,NA,NA,NA,NA,NA,NA,NA,NA,NA,NA,NA,NA,NA,NA,NA,NA,NA,NA,NA,NA,NA,NA,NA,NA,NA,NA,NA,NA,NA,0.8021425,0.81578225,NA,0.81205529,0.801054,0.82478708,1,0.88614661,0.90828204,0.98611951,0.97228056,0.96200752,NA,NA,NA,NA,NA,NA,12.430654,NA,NA,NA,NA,NA,NA,0.13426889,1.8460816,NA,43.609272,68.661583,0.75676763,0.2312399,7.9426856,222.54091,NA,9.5881767,16.748438,NA,NA,NA,NA,NA,NA,36.344986,73.228668,78.179672,75.035927,30.869179,19.349966,24.81678,0.04118577,0.64040828,NA,17.479452,27.561644,0.2739726,0.034246575,0.04109589,4.6849313,77.506851,218.36301,9.9596958,19.143835,NA,NA,NA,NA,NA
,tau_30,"Female, gender",5,0,NA,NA,NA,NA,NA,NA,NA,NA,NA,NA,NA,NA,NA,NA,NA,NA,NA,NA,NA,NA,NA,NA,NA,NA,NA,NA,NA,NA,NA,0.45372844,0.87244427,NA,0.89873654,0.87144744,0.70923769,1,0.87852204,0.88310057,0.93931717,0.9376896,0.93310612,NA,NA,NA,NA,NA,NA,12.430654,NA,NA,NA,NA,NA,NA,0.37263241,2.4866033,NA,58.265881,93.073608,1.5912045,0.98780948,11.426502,310.85156,NA,12.519927,22.29952,3253.325133,8.8323936,25.004608,1787.975705,NA,NA,36.344986,73.228668,78.179672,75.035927,30.869179,19.349966,24.81678,0.15646091,1.2104812,NA,34.294521,54.780823,0.69178081,0.14383562,0.28082192,9.7123289,192.0685,315.61642,14.414979,27.561644,1616.80137,7.1533508,20.212328,6000,0.534
,tau_30,"Female, gender",6,0,NA,NA,NA,NA,NA,NA,NA,NA,NA,NA,NA,NA,NA,NA,NA,NA,NA,NA,NA,NA,NA,NA,NA,NA,NA,NA,NA,NA,NA,0.61952937,0.92970103,NA,0.89266276,0.88493007,0.47282463,0.85325271,0.97057742,0.96937054,0.97606719,0.97397339,0.96135992,0.8907941,0.89453745,0.91598135,0.822267,0.93646359,NA,12.430654,NA,NA,NA,NA,NA,NA,1.1839769,3.0702188,NA,67.600494,108.49275,3.4802432,1.8611332,12.194495,341.07208,NA,14.534092,27.343479,4649.114561,13.841022,34.390255,4894.848869,NA,NA,36.344986,73.228668,78.179672,75.035927,30.869179,19.349966,24.81678,0.46836132,1.9305362,NA,53.034248,84.76712,1.4589041,0.1849315,0.54109591,11.534246,235.73288,373.60959,17.78223,35.226028,2866.047945,12.261471,32.815067,12587,3.247
,tau_30,"Female, gender",7,0,NA,NA,NA,NA,NA,NA,NA,NA,NA,NA,NA,NA,NA,NA,NA,NA,NA,NA,NA,NA,NA,NA,NA,NA,NA,NA,NA,NA,NA,0.93724,0.96827495,NA,0.89836472,0.89760149,0.96819252,0.98534089,0.95077139,0.95563501,0.93607861,0.96885598,0.97469705,0.97503942,0.97395909,0.96967858,0.9033854,0.8674525,NA,12.430654,NA,NA,NA,NA,NA,NA,1.6829133,3.6908097,NA,81.597931,130.99602,4.5189571,2.3516946,13.770951,374.8717,NA,16.618668,30.731136,5198.979988,15.170304,39.548141,8934.666477,NA,NA,36.344986,73.228668,78.179672,75.035927,30.869179,19.349966,24.81678,0.589939,2.4822638,NA,68.890411,109.63699,1.7260274,0.21917808,0.71232879,13.575342,272.82193,419.58218,20.609018,40.472603,3532.047945,14.825606,40.369862,18265,12.731
,tau_30,"Female, gender",8,0,NA,NA,NA,NA,NA,NA,NA,NA,NA,NA,NA,NA,NA,NA,NA,NA,NA,NA,NA,NA,NA,NA,NA,NA,NA,NA,NA,NA,NA,0.98368847,0.95304823,NA,0.93284655,0.93034971,0.98270488,0.94273782,0.97810882,0.98359978,0.98705357,0.98390597,0.97012365,0.99127555,0.98334539,0.97615755,0.88282651,0.92215282,NA,12.430654,NA,NA,NA,NA,NA,NA,1.7255181,4.656199,NA,100.99308,160.92896,4.7680297,3.0135655,15.788906,418.70703,NA,19.378927,36.478004,5483.392053,15.905312,43.978344,14047.92404,NA,NA,36.344986,73.228668,78.179672,75.035927,30.869179,19.349966,24.81678,0.68287736,3.3366947,NA,92.376709,146.60959,2.0616438,0.25342464,0.96575344,15.219178,302.46576,462.46576,23.923967,47.582191,3884.383562,16.915771,47.636986,27000,29.051
,tau_30,"Female, gender",9,0,NA,NA,NA,NA,NA,NA,NA,NA,NA,NA,NA,NA,NA,NA,NA,NA,NA,NA,NA,NA,NA,NA,NA,NA,NA,NA,NA,NA,NA,0.97976387,0.9514997,NA,0.91199142,0.90526527,0.93936908,0.99647731,0.99122924,0.99363035,0.99236697,0.98760337,0.98724884,0.99670529,0.99309981,0.99224836,0.96816719,0.97401303,NA,12.430654,NA,NA,NA,NA,NA,NA,1.7831044,5.1690826,NA,113.62727,181.07237,5.3177185,3.4385695,16.156855,425.08145,NA,20.655197,39.133091,5508.884303,16.062586,44.918781,22891.27339,NA,NA,36.344986,73.228668,78.179672,75.035927,30.869179,19.349966,24.81678,0.81575322,4.212749,NA,117.05479,185.78082,2.5342467,0.2739726,1.0616438,16.178082,319.3493,488.87671,26.118248,52.034248,4029.760274,17.877453,50.630138,35466.5,41.1795
,tau_30,"Female, gender",10,0,NA,NA,NA,NA,NA,NA,NA,NA,NA,NA,NA,NA,NA,NA,NA,NA,NA,NA,NA,NA,NA,NA,NA,NA,NA,NA,NA,NA,NA,0.7767961,0.88579696,NA,0.82580709,0.83450025,0.69702679,0.98770446,0.92933315,0.91558474,0.98631465,0.97864616,0.98177803,0.99840808,0.99766254,0.99755013,0.98766255,0.99082309,NA,12.430654,NA,NA,NA,NA,NA,NA,3.0459452,6.4556804,NA,150.70193,237.21759,9.8788338,3.6014221,18.665695,530.49249,NA,23.108561,43.140846,5528.106686,15.98812,44.932285,32958.57808,NA,NA,36.344986,73.228668,78.179672,75.035927,30.869179,19.349966,24.81678,1.4175943,6.540771,NA,182.35617,289.82193,4.6095891,0.28082192,1.150685,19.349316,379.96576,537.8288,30.080652,59.109589,4140.09589,18.340126,52.143837,46815.5,54.045
,tau_30,"Female, gender",11,0,0.88946646,0.34650898,0.79445958,0.6749326,0.23408625,0.56577152,0.49084511,0.1528486,0.041049853,0.42011997,0.38645232,0.13443755,0.19334567,0.33992586,0.24228343,0.11597743,0.10126934,0.067731433,0.33426896,0.097166099,0.085985273,0.16423814,0.064731948,0.12132449,0.14381365,0.25398609,0.14407779,0.13313547,0.10149467,0.8584103,0.84896904,NA,0.69762075,0.65727055,0.59821475,0.9861393,0.88767904,0.94941097,0.96721923,0.96729338,0.97966301,0.9857614,0.99828702,0.99824286,0.99476165,0.99663448,NA,12.430654,13.386361,11.982075,10.67824,8.6765585,3.4844177,1.6095864,3.7205417,7.0388198,NA,162.02921,257.75974,19.726086,3.8466349,22.804115,606.85254,NA,26.506104,47.706791,5553.093893,15.937269,44.866352,42772.02539,NA,NA,36.344986,73.228668,78.179672,75.035927,30.869179,19.349966,24.81678,2.7797096,10.329823,NA,315.70547,505.09589,16.075342,0.30136988,1.3150685,24.815069,471.39041,646.53424,36.6978,70.219177,4312.753425,18.698301,53.280823,54884.5,69.5765