treatm,week,co_ebook_1,co_sim_1,co_mcq_1,co_saq_1,co_esim_session_hours_1,co_emcq_session_hours_1,co_esaq_session_hours_1,co_simmcq_session_hours_1,co_simsaq_session_hours_1,co_mcsaq_session_hours_1,co_ebook_0,co_sim_0,co_mcq_0,co_saq_0,co_esim_session_hours_0,co_emcq_session_hours_0,co_esaq_session_hours_0,co_simmcq_session_hours_0,co_simsaq_session_hours_0,co_mcsaq_session_hours_0,co_fsaq_cumul_1,co_fmcq_cumul_1,co_ftotebook_pageviews_cumul_1,co_fhappy_deploym_cumul_1,co_fsaq_session_hours_cumul_1,co_fmcq_session_hours_cumul_1,co_febook_session_hours_cumul_1,co_fsim_session_hours_cumul_1,co_fsaq_cumul_0,co_fmcq_cumul_0,co_ftotebook_pageviews_cumul_0,co_fhappy_deploym_cumul_0,co_fsaq_session_hours_cumul_0,co_fmcq_session_hours_cumul_0,co_febook_session_hours_cumul_0,co_fsim_session_hours_cumul_0,co_fatar_ii_1,co_fatar_ii_0,cmcsaq_session_hours_1,csimsaq_session_hours_1,csimmcq_session_hours_1,cesaq_session_hours_1,cemcq_session_hours_1,cesim_session_hours_1,cmcsaq_session_hours_0,csimsaq_session_hours_0,csimmcq_session_hours_0,cesaq_session_hours_0,cemcq_session_hours_0,cesim_session_hours_0,acmcq_Cattempt_1,actotebook_pageviews_1,acsaq_session_hours_1,acmcq_session_hours_1,acebook_session_hours_1,acsim_session_hours_1,acmcq_Cattempt_0,actotebook_pageviews_0,acsaq_session_hours_0,acmcq_session_hours_0,acebook_session_hours_0,acsim_session_hours_0,sd_totebook_pageviews_cumul_1,sd_totebook_pageviews_cumul_0,sd_saq_cumul_1,sd_saq_cumul_0,sd_mcq_cumul_1,sd_mcq_cumul_0,sd_saq_session_hours_cumul_1,sd_saq_session_hours_cumul_0,sd_mcq_session_hours_cumul_1,sd_mcq_session_hours_cumul_0,sd_ebook_session_hours_cumul_1,sd_ebook_session_hours_cumul_0,sd_sim_session_hours_cumul_1,sd_sim_session_hours_cumul_0,sd_course_grade_1,sd_course_grade_0,sd_final_grade_exp_1,sd_final_grade_exp_0,sd_final_grade_1,sd_final_grade_0,sd_happy_deploym_cumul_1,sd_happy_deploym_cumul_0,av_totebook_pageviews_cumul_1,av_totebook_pageviews_cumul_0,av_saq_cumul_1,av_saq_cumul_0,av_mcq_cumul_1,av_mcq_cumul_0,av_saq_session_hours_cumul_1,av_saq_session_hours_cumul_0,av_mcq_session_hours_cumul_1,av_mcq_session_hours_cumul_0,av_ebook_session_hours_cumul_1,av_ebook_session_hours_cumul_0,av_sim_session_hours_cumul_1,av_sim_session_hours_cumul_0,av_course_grade_1,av_course_grade_0,av_final_grade_exp_1,av_final_grade_exp_0,av_final_grade_1,av_final_grade_0,av_happy_deploym_cumul_1,av_happy_deploym_cumul_0
"Male, no gender",1,,,,,,,,,,,,,,,,,,,,,,,,,,,,,,,,,,,,,,,,,,,-0.057954557,,,,,,0.079210356,,,,,,,,,,,,,,31.813541,43.399002,,,,,,,0.23070426,0.095613495,1.1761461,1.8320473,,,,,,,,,,,12.336735,16.86014,,,,,,,0.058242586,0.025869224,0.51679093,0.79889655,,,,,,,,,,
"Male, no gender",2,,,,,,,,,,,,,,,,,,,,,,,,,,,,,,,,,,,,,,,0.032218248,,,0.16948387,0.17924607,,0.22261873,,,0.13749878,0.15642636,,,0.72196788,,0.014831309,0.70824128,,,0.65326995,,-0.48016223,0.76118994,,111.2976,115.90392,0.44545498,0.21923643,15.645267,8.6554594,0.12966596,0.0582253,0.69149137,0.23912236,3.4965155,4.6891761,,,,,,,,,,,91.362244,99.167831,0.081632651,0.034965035,4.6428571,2.3426573,0.022907428,0.010631876,0.16020839,0.064190134,3.082706,3.8446925,,,,,,,,,,
"Male, no gender",3,,,,,,,,,,,,,,,,,,,,,,,,,,,,,,,,,,,,,,,-0.085944414,,,0.17727742,0.20890868,,0.060715623,,,0.17198668,0.18253437,,0.87738383,0.94604784,-1,0.95964181,0.92612845,,0.39979917,0.93599808,,0.53304189,0.92685854,,156.52515,165.48216,0.61347163,0.55158412,32.884899,30.562662,0.16127163,0.13786589,1.0659027,0.63361424,5.3662214,7.1650829,,,,,,,,,,,143.42346,163.16084,0.18367347,0.13986014,11.755102,9.6853151,0.035020974,0.029756228,0.30232599,0.20002346,5.2477098,6.7087321,,,,,,,,,,
"Male, no gender",4,,,,,,,,,,,,,,,,,,,,,,,,,,,,,,,,,,,,,,,-0.089403063,,,0.17964472,0.20575123,,-0.029351614,,,0.16286249,0.17185771,,0.88085252,0.97145844,0.99901378,0.97269416,0.94445091,,0.68938994,0.95890421,1,0.84791517,0.95592153,,180.01013,204.9856,0.75855494,0.62389469,52.744938,55.739014,0.17221537,0.1522861,1.4808085,0.97525138,6.822515,9.3755865,,,,,,,,,,,174.80103,208.37064,0.26530612,0.18181819,21.719387,18.748251,0.047514807,0.039782688,0.51413941,0.34542927,7.0443954,9.4482327,,,,,,,,,,
"Male, no gender",5,,,,,,,,,,,,,,,,,,,,,,,,,,,,,,,,,,,,,,,0.0380533,0.23504356,0.28064197,0.19772659,0.23944075,0.30823019,-0.31770635,0.25656468,0.23739508,0.22107956,0.2023737,0.27933583,0.80929703,0.8591674,0.97581983,0.89065856,0.89129019,,0.90144074,0.95890319,0.53433341,0.85919225,0.95551622,,239.39624,275.51123,1.8416088,1.1854115,75.942879,69.633339,0.6737656,0.36103222,2.0136769,1.3183661,9.2110538,12.76149,10.905606,7.1733031,,,,,,,8612.873828158790,1001.555940468030,268.5051,295.79022,0.59183675,0.46153846,42.719387,33.384617,0.18655175,0.14068723,0.95331818,0.68758255,10.895214,13.485523,8.7897682,5.9466043,,,,,,,522,170
"Male, no gender",6,,,,,,,,,,,,,,,,,,,,,,,,,,,,,,,,,,,,,,,-0.074647658,0.21018204,0.28051651,0.18582122,0.24592313,0.30551651,-0.24954323,0.32837537,0.30638951,0.24820767,0.23093161,0.30720162,0.78192449,0.97305238,0.97507179,0.90429884,0.95889878,0.89003325,0.84788227,0.97324044,0.99127096,0.7931999,0.9786194,0.78091693,272.25586,312.63431,2.8186789,1.4690745,91.812004,87.335068,0.93506801,0.56958783,2.3943744,1.8863922,11.312838,14.639916,17.204887,12.030839,,,,,,,105301.4410053460,23823.55313659020,317.16327,354.25174,0.93877554,0.69230771,63.418365,56.314686,0.3025203,0.22462401,1.4449725,1.2736617,13.899014,16.594004,15.224209,11.544972,,,,,,,7277,3036.5
"Male, no gender",7,,,,,,,,,,,,,,,,,,,,,,,,,,,,,,,,,,,,,,,-0.20311737,0.16854243,0.22382472,0.1691038,0.21546796,0.26636147,-0.17048995,0.34945071,0.33782119,0.22982423,0.22888079,0.32931784,0.93516159,0.94790465,0.96736431,0.94444114,0.96463412,0.95669806,0.94299585,0.98506749,0.93730444,0.92967546,0.98170817,0.95176238,312.07886,339.11002,3.3038836,1.8892304,100.92104,102.42267,1.1050395,0.74480879,2.6987765,2.3445234,13.252394,16.393236,19.98711,14.769759,,,,,,,453600.2332584700,166990.1895123580,351.66327,387.26575,1.1326531,0.96503496,77.93367,72.678322,0.3738558,0.3061159,1.7348306,1.6801184,16.053301,18.795712,18.18829,14.502838,,,,,,,21264.5,10471.5
"Male, no gender",8,,,,,,,,,,,,,,,,,,,,,,,,,,,,,,,,,,,,,,,-0.15624245,0.16276063,0.21861655,0.20191039,0.23988341,0.26793528,-0.13507845,0.34730011,0.34307495,0.21464956,0.22937793,0.33525306,0.81545919,0.97814792,0.98784465,0.89365417,0.98168766,0.98404801,0.90915275,0.98010874,0.97337234,0.88700241,0.97149253,0.98326439,359.22244,389.79419,3.5219727,2.2699263,143.45276,137.01624,1.1581966,0.8058461,3.2601891,3.1464601,15.571333,19.6917,21.496283,16.335379,,,,,,,704010.3768876600,397902.6343512360,392.53061,439.16083,1.2959183,1.2937063,116.81633,106.23776,0.42222726,0.4055264,2.4676282,2.4402707,18.616852,22.456308,20.518337,16.824564,,,,,,,45149,30016
"Male, no gender",9,,,,,,,,,,,,,,,,,,,,,,,,,,,,,,,,,,,,,,,-0.080467373,0.14325832,0.21755537,0.22511752,0.26817641,0.28083602,-0.011747105,0.34445813,0.3438724,0.22073203,0.240463,0.33888024,0.90989453,0.9935841,0.99008232,0.94539577,0.98923808,0.99455249,0.83630657,0.9919973,0.86738157,0.8467617,0.98793489,0.99714786,379.13037,424.29379,4.140049,3.6402814,163.42361,190.7131,1.247786,1.2030183,3.7051518,4.2718716,16.836803,21.934595,22.003763,16.452499,,,,,,,964619.0058081140,614859.3466552690,417.41327,479.51749,1.6173469,1.8741258,150.27551,158.99301,0.53015476,0.60642451,3.1025105,3.5467803,20.446266,25.414125,21.433538,17.460226,,,,,,,88326.5,43736
"Male, no gender",10,,,,,,,,,,,,,,,,,,,,,,,,,,,,,,,,,,,,,,,0.088222027,0.1333539,0.22513945,0.24524304,0.30121297,0.29341492,0.099133693,0.34109968,0.34838548,0.2448478,0.26819393,0.35473827,0.86194539,0.98291618,0.88736546,0.85963595,0.97530144,0.99802828,0.89447242,0.97706497,0.92877436,0.89507478,0.96547937,0.99235696,407.44537,493.46973,7.2024965,7.0999255,211.69266,244.93773,1.7355654,1.4562789,5.0160933,5.2348976,18.523602,25.425018,22.016415,16.277784,,,,,,,1249631.960682440,835662.3762209890,459.7092,552.4895,2.6275511,3.6993008,215.16837,244.38461,0.79459727,0.89053571,4.5886745,5.2110629,23.11282,30.384424,21.862286,18.00478,,,,,,,105527.5,45975
"Male, no gender",11,0.81987804,0.47032425,0.8016082,0.74982023,0.32689065,0.4292044,0.27017182,0.21209934,0.031488117,0.32693523,0.90740663,0.16449325,0.75123864,0.66854739,0.24159072,0.37138164,0.33179635,0.11511716,0.031076588,0.31728062,0.27762204,0.25769785,0.2254165,0.27618259,0.25049123,0.17807882,0.28673291,0.15675163,0.37922779,0.18753883,0.18355525,0.13518848,0.17308521,0.18144158,0.23996776,0.2933366,0.48269349,0.34897709,0.14085642,0.1330355,0.2092796,0.23177142,0.28501287,0.28175879,0.20532593,0.31247342,0.32982138,0.24868102,0.27384683,0.33050478,0.681822,0.97230893,0.85903823,0.80403066,0.96258003,0.99889898,0.66300267,0.97708631,0.6860913,0.77636844,0.97065681,0.98900115,457.62756,559.45172,15.977669,18.242239,263.02371,299.13901,2.8003941,2.1606107,6.2875609,6.8383226,21.447033,29.346478,21.942886,16.017672,9.4597712,11.510898,6.5013752,7.1754651,8.9894714,10.26497,3444342.43144191,1027842.569601850,555.47961,667.1958,9.8928576,14.587413,433.2449,487.7063,2.0541298,1.9868847,8.3074989,9.1740255,28.811563,37.411682,22.18709,18.664413,74.999214,74.439407,43.517345,41.642307,30.219387,29.989511,129390,53072
"Male, gender",1,,,,,,,,,,,,,,,,,,,,,,,,,,,,,,,,,,,,,,,,,,,0.036357943,,,,,,0.28094074,,,,,,,,,,,,,,41.356174,40.069157,,,,,,,0.27544475,0.3696315,1.4037347,1.5730107,,,,,,,,,,,16.198925,16.090225,,,,,,,0.06354823,0.084106393,0.61879766,0.7543968,,,,,,,,,,
"Male, gender",2,,,,,,,,,,,,,,,,,,,,,,,,,,,,,,,,,,,,,,,0.28981701,,,0.12412181,0.15327007,,-0.02018665,,,0.13170296,0.27267569,,,0.54030943,,0.36366537,0.58273655,,,0.79424089,,0.13539983,0.84268218,,111.16691,103.99492,0.44757086,0.44458207,17.091932,14.313245,0.13741218,0.14781354,0.40043852,0.58246028,3.6631072,4.1793461,,,,,,,,,,,91.89785,94.067673,0.10215054,0.082706764,4.7903228,5.2781954,0.035761438,0.022213079,0.09964709,0.17649692,3.2135646,3.6355402,,,,,,,,,,
"Male, gender",3,,,,,,,,,,,,,,,,,,,,,,,,,,,,,,,,,,,,,,,0.21576549,,,0.083647899,0.14291185,,0.048816256,,,0.10188055,0.25048271,,0.83731049,0.90379077,,0.91714025,0.91975951,,0.68336809,0.89212412,,0.85813046,0.93214726,,160.75359,147.21468,0.65511644,0.60103577,34.512001,40.923645,0.16548167,0.10032906,0.65988219,1.1946894,5.6074696,6.3704581,,,,,,,,,,,149.9086,157.66917,0.21505377,0.15789473,14.091398,16.759399,0.036650788,0.020341242,0.24972458,0.40482548,5.5005946,6.3198457,,,,,,,,,,
"Male, gender",4,,,,,,,,,,,,,,,,,,,,,,,,,,,,,,,,,,,,,,,0.19304843,,,0.10531349,0.16070487,,0.13171396,,,0.07576561,0.22944416,,0.84017682,0.9704327,1,0.84938484,0.95374036,,0.91064763,0.9640696,1,0.92939234,0.96641654,,192.80763,179.8481,0.66193467,0.76230693,55.977058,58.395649,0.16582583,0.15819997,1.0762658,1.6084,7.3119035,8.5461006,,,,,,,,,,,184.66667,200.3158,0.2311828,0.2781955,25.596775,26.751881,0.038775623,0.048366487,0.45269555,0.6490888,7.4861231,8.7766209,,,,,,,,,,
"Male, gender",5,,,,,,,,,,,,,,,,,,,,,,,,,,,,,,,,,,,,,,,0.32239482,0.24053179,0.24169689,0.19712169,0.21472628,0.22091898,0.14345281,0.42689645,0.41846171,0.18458529,0.30023,0.44658315,0.92231715,0.91666323,0.90560889,0.84136826,0.91138107,,0.91437584,0.91197193,0.62131691,0.95844787,0.95095551,,253.26613,241.67197,1.2728471,1.6455717,72.424065,86.296753,0.30464995,0.4164333,1.4822954,2.2622271,10.127183,11.443539,10.17311,7.8329029,,,,,,,4936.454691598740,4719.767161739970,272.38171,298.99249,0.43548387,0.66917294,41.290321,51.473682,0.10746381,0.16883264,0.81431538,1.1340532,11.17031,12.818016,7.8942037,6.9181242,,,,,,,575,308
"Male, gender",6,,,,,,,,,,,,,,,,,,,,,,,,,,,,,,,,,,,,,,,0.064263299,0.2585943,0.2397169,0.14845005,0.15463471,0.22115642,0.081541345,0.40780294,0.39374423,0.17358613,0.27750629,0.40989619,0.91418386,0.96791422,0.91929138,0.91329348,0.96457309,0.92886496,0.87296873,0.96008086,0.99162042,0.94736075,0.97247386,0.85828143,299.60251,287.90549,1.8043829,2.1148663,85.164825,108.07768,0.51508421,0.55117458,1.8850352,3.1113153,12.381112,14.090142,14.349032,12.284248,,,,,,,43868.28321713820,24743.51748792940,321.58603,355.27069,0.7096774,0.93233085,60.892471,79.097748,0.208837,0.25274053,1.255043,1.7284611,13.847714,15.943176,12.565505,12.355168,,,,,,,5483.5,4621
"Male, gender",7,,,,,,,,,,,,,,,,,,,,,,,,,,,,,,,,,,,,,,,-0.023376042,0.19670968,0.20099676,0.15667488,0.14321852,0.19429292,0.097275682,0.36632448,0.34811348,0.16499981,0.26431885,0.3750878,0.95202398,0.98492789,0.97537005,0.94648421,0.98385286,0.96998936,0.90687317,0.98746175,0.99619389,0.97840279,0.98529804,0.9385922,328.97556,309.61456,1.8889621,2.3107572,101.78089,122.32313,0.52875304,0.5591501,2.2889898,3.2153969,13.748938,15.850966,15.409826,15.228296,,,,,,,127649.903449893,87554.96653614720,352.24194,382.64661,0.75806451,1.1278195,74.865593,98.458649,0.23065493,0.28125167,1.5271282,2.0216589,15.595687,17.83058,14.675756,15.142384,,,,,,,17153.5,16237.5
"Male, gender",8,,,,,,,,,,,,,,,,,,,,,,,,,,,,,,,,,,,,,,,-0.047382697,0.17629337,0.19947392,0.1917229,0.1409349,0.19618464,0.16449869,0.35801169,0.3343412,0.18085624,0.29107967,0.36911696,0.92100155,0.98721731,0.95929271,0.92415386,0.97851181,0.94496524,0.88093346,0.98657775,0.86787802,0.93002301,0.9900648,0.97317863,354.55984,337.20764,2.0718915,3.8150897,127.47673,152.05098,0.62051111,0.94193125,2.925421,3.5624399,15.65179,17.914637,16.985229,16.814777,,,,,,,273956.7905023250,200708.4966746620,391.72043,423.54135,0.87634408,1.5037594,101.04839,129.23308,0.26751298,0.41807532,2.0586848,2.6646187,18.290552,20.511005,17.070343,17.511065,,,,,,,39165.5,25522.5
"Male, gender",9,,,,,,,,,,,,,,,,,,,,,,,,,,,,,,,,,,,,,,,-0.016820094,0.19477031,0.21863376,0.21093595,0.14866719,0.21041922,0.22179487,0.35586694,0.33492473,0.189954,0.30100557,0.35983911,0.88772184,0.99291033,0.96753639,0.90433186,0.98434931,0.98246872,0.79306787,0.98854351,0.97297198,0.88828647,0.98857558,0.99444699,373.94147,369.62115,2.4796059,4.4843087,157.07762,188.24464,0.79253381,1.24005,3.661921,3.9915471,17.247244,19.913927,17.925938,17.267054,,,,,,,664263.9773169170,345806.6001587270,419.5484,455.6842,1.0537634,1.9323308,139.41936,176,0.34795189,0.57815713,2.8120198,3.4888754,20.401287,22.83041,18.108177,18.269342,,,,,,,67855,47908
"Male, gender",10,,,,,,,,,,,,,,,,,,,,,,,,,,,,,,,,,,,,,,,0.15757853,0.2021413,0.24356589,0.2747401,0.20666942,0.22798644,0.29838207,0.34910011,0.35143906,0.20549688,0.32328263,0.35052559,0.7818886,0.98102605,0.81942683,0.84929729,0.97405308,0.99707729,0.80105472,0.98044074,0.8657757,0.84868211,0.98103797,0.99699807,404.9743,423.06924,3.4095104,7.8333926,221.25095,232.76764,1.0230837,1.9216164,4.3968964,5.4727731,19.782492,23.127956,18.175701,17.146984,,,,,,,2118042.225721870,508252.1438282760,467.36023,512.66168,1.6451613,3.2631578,227.68817,267.40601,0.54694629,0.89308745,4.3018355,5.5285072,23.726566,26.561325,18.55633,18.704515,,,,,,,87854,67716.5
"Male, gender",11,0.87890416,0.21283765,0.76061422,0.5950771,0.40359217,0.41219598,0.33526507,0.052351981,0.27872488,0.28824517,0.89532751,0.34806681,0.74059755,0.69464862,0.25367025,0.38627031,0.5076831,0.18677345,0.095147274,0.33800948,0.24720407,0.25332499,0.087170579,0.13371758,0.11890915,0.18337895,0.16836908,0.163629,0.36530596,0.15672074,0.23546571,0.22427331,0.11144139,0.2402768,0.20658277,0.24806999,0.41749796,0.33377841,0.16028839,0.2052999,0.22382937,0.26606268,0.20294274,0.21634968,0.23514789,0.33049044,0.32730329,0.15903625,0.27467588,0.312264,0.70968091,0.96882808,0.72136128,0.79769695,0.9673456,0.99104202,0.78761178,0.94498545,0.59097028,0.86192745,0.96454334,0.99840671,464.95184,515.92346,14.742399,15.923608,276.89304,271.4949,2.0643539,3.4856668,5.0430875,6.3187418,23.193974,26.484484,18.610201,16.992767,9.2759275,11.317042,6.3902755,7.7188902,8.8741331,9.0125351,4557347.955226070,668725.741898908,565.94086,641.05261,8.2365589,11.654136,433.28494,467.3985,1.3917482,2.3644323,7.4389944,8.9049759,29.512735,32.850399,19.072948,19.049746,75.077591,72.931068,43.50914,42.093609,30.308065,28.780827,109597,91703
"Female, no gender",1,,,,,,,,,,,,,,,,,,,,,,,,,,,,,,,,,,,,,,,,,,,0.069976501,,,,,,-0.0022896461,,,,,,,,,,,,,,32.628746,38.371876,,,,,,,0.20561692,0.34148797,1.5606794,1.7362286,,,,,,,,,,,11.563452,18.123188,,,,,,,0.055374097,0.098605536,0.59408098,0.80935824,,,,,,,,,,
"Female, no gender",2,,,,,,,,,,,,,,,,,,,,,,,,,,,,,,,,,,,,,,,0.16820067,,,0.096583016,0.058633149,,-0.13940205,,,0.048568085,0.06702739,,,0.55034167,,0.16676491,0.73298687,,,0.51862025,,-0.069772519,0.77256399,,111.20411,99.610069,0.43546546,0.37762445,18.109251,24.290112,0.19170451,0.1241122,0.32744575,0.38003081,3.8456068,3.7942274,,,,,,,,,,,93.492386,105.94927,0.0964467,0.057971016,5.4873095,6.347826,0.040237021,0.024246227,0.10274278,0.11431357,3.304493,3.9233685,,,,,,,,,,
"Female, no gender",3,,,,,,,,,,,,,,,,,,,,,,,,,,,,,,,,,,,,,,,-0.077681698,,,0.13418438,0.1133534,,-0.11942973,,,0.16271262,0.1872955,,0.82506233,0.9140687,,0.89231038,0.90704989,,0.86112517,0.88066447,,0.75057256,0.87010413,,149.95703,155.15724,0.64396405,0.64968318,40.960026,46.104267,0.1337737,0.18866588,0.78129619,0.76678103,5.809485,6.0549846,,,,,,,,,,,146.91371,178.5,0.19796954,0.17391305,14.203046,16.130434,0.033518605,0.045003459,0.25742599,0.28631252,5.4271269,7.0295172,,,,,,,,,,
"Female, no gender",4,,,,,,,,,,,,,,,,,,,,,,,,,,,,,,,,,,,,,,,0.029856689,,,0.13532262,0.10743376,,0.1105644,,,0.12774691,0.19558945,,0.73739982,0.96305585,1,0.74205911,0.94363666,,0.84469551,0.94840282,0.96719581,0.88850623,0.93892944,,177.13383,184.27983,0.7330035,0.80636024,65.14933,71.565201,0.15014045,0.26585734,1.1954482,1.1323972,7.6586757,7.9475932,,,,,,,,,,,181.67513,225.15942,0.2538071,0.26811594,26.502539,31.253624,0.047214393,0.081122033,0.47082311,0.51747012,7.2422094,9.6214151,,,,,,,,,,
"Female, no gender",5,,,,,,,,,,,,,,,,,,,,,,,,,,,,,,,,,,,,,,,0.14525829,0.2433867,0.20408641,0.23755145,0.16066444,0.19267564,0.076124527,0.18834728,0.22407982,0.16700222,0.23391059,0.29619098,0.93999505,0.64782447,0.70073509,0.92738211,0.86737823,,0.85544235,0.91058338,0.77467763,0.790573,0.91928464,,398.86163,234.87003,1.5339994,1.4154286,90.153008,100.82755,0.43618268,0.33340403,1.7442057,1.8497583,11.827332,10.752114,12.521832,7.0211473,,,,,,,27998.91848973090,2446.943237243250,298.07614,327.33334,0.51269037,0.51449275,47.807106,60.615944,0.14041619,0.13801314,0.87145686,1.1025882,11.328288,14.255925,8.7243309,6.5694633,,,,,,,485,372
"Female, no gender",6,,,,,,,,,,,,,,,,,,,,,,,,,,,,,,,,,,,,,,,0.11269341,0.22940131,0.22726913,0.28546631,0.20779747,0.23826367,0.031008534,0.26924619,0.24784721,0.14345434,0.22367664,0.30398676,0.86764336,0.98854321,0.98267424,0.83673221,0.97015315,0.86173105,0.92505908,0.96243292,1,0.8810333,0.96654499,0.81775206,448.97653,257.6535,1.9601198,2.5415618,107.55834,115.41862,0.55015302,0.62092865,2.1265049,2.3440244,14.421005,12.576679,19.669712,10.20468,,,,,,,227288.4944328230,23315.67603258770,357.22336,384.86957,0.78680205,0.9130435,71.223351,88.173912,0.24676371,0.3047899,1.3770096,1.66816,14.584166,17.36578,15.689301,11.430208,,,,,,,6507,2522
"Female, no gender",7,,,,,,,,,,,,,,,,,,,,,,,,,,,,,,,,,,,,,,,0.14891508,0.11558069,0.14268591,0.27292821,0.21078752,0.1975408,0.011734404,0.25460869,0.228204,0.074536219,0.17648116,0.2632792,0.95879149,0.99179256,0.97618979,0.97090554,0.97322756,0.93717009,0.97040731,0.97446513,0.974473,0.95212376,0.96042466,0.90324718,464.86707,281.07462,2.4322371,2.6653705,120.30941,125.33128,0.67722797,0.70301843,2.3487985,2.6419842,16.445555,14.656443,24.650263,12.681565,,,,,,,477923.3039977350,77131.92989115440,388.8071,425.65216,0.9492386,1.0724638,85.746193,105.47102,0.29490128,0.36066699,1.6351821,2.0477459,16.53919,20.048216,19.156818,14.243895,,,,,,,21131,9805.5
"Female, no gender",8,,,,,,,,,,,,,,,,,,,,,,,,,,,,,,,,,,,,,,,0.21864747,0.11946498,0.1403818,0.28349355,0.21550162,0.19582406,0.10082401,0.22287582,0.21480772,0.097212568,0.21033216,0.2534889,0.94886768,0.9937976,0.8951686,0.94460005,0.98695064,0.98811513,0.90959054,0.97847825,0.77072769,0.91045344,0.9773885,0.96973318,488.25491,314.5827,3.2197399,4.0067978,144.98398,144.98126,0.98486954,0.90349758,2.7840683,3.1389823,18.573362,17.04073,26.329891,13.55666,,,,,,,8848664.558410460,141017.2539184470,423.19797,475.83334,1.2030457,1.5869565,110.21828,135.94928,0.41469437,0.48025319,2.1092436,2.6751332,19.244104,23.373987,21.40976,16.339954,,,,,,,44740,19977
"Female, no gender",9,,,,,,,,,,,,,,,,,,,,,,,,,,,,,,,,,,,,,,,0.23751022,0.11653305,0.14460286,0.29529381,0.23271556,0.20225371,0.13797575,0.22238395,0.23046395,0.14488338,0.23979983,0.25914547,0.95313442,0.99138892,0.96419322,0.93773955,0.98635489,0.99552137,0.92785197,0.98666644,0.98961991,0.92271471,0.97641373,0.98863965,516.46765,340.19254,4.1353798,4.8154397,167.26833,177.26947,1.2722119,0.95809895,3.2326636,4.0915713,20.377529,20.39197,26.66345,13.555176,,,,,,,16526774.05460120,227720.4480361820,455.60913,514.73187,1.4162437,2.036232,140.89848,174.21739,0.50738645,0.56028539,2.7180181,3.4756832,21.400171,26.401554,22.214367,17.448343,,,,,,,93426,33381
"Female, no gender",10,,,,,,,,,,,,,,,,,,,,,,,,,,,,,,,,,,,,,,,0.27176911,0.11892253,0.15543604,0.32467407,0.26327908,0.21559581,0.21085875,0.19840172,0.22890525,0.19497767,0.30076206,0.2902222,0.86265188,0.9879905,0.96832144,0.82920837,0.98217136,0.99842602,0.84166795,0.97874624,0.73815584,0.85973823,0.97789127,0.9767648,536.16449,351.03638,5.6745081,7.3335114,215.49847,255.4861,1.6213387,1.3749399,4.0780787,6.0414219,22.239105,21.61661,26.618401,13.383716,,,,,,,2858682.641533500,347912.4702373390,497.22336,564.84058,2.3248732,3.4347825,213.5533,286.83334,0.8013379,0.91181928,4.064249,5.9898124,23.983906,30.058008,22.831387,18.288181,,,,,,,101271,45615.5
"Female, no gender",11,0.82896745,0.36758325,0.78922009,0.70104593,0.20850447,0.40655464,0.23560961,0.015221342,0.0091058798,0.29039687,0.85986394,0.14494199,0.78300041,0.62761402,0.24611938,0.52158362,0.35042584,0.21143626,0.0179253,0.43104798,0.29717594,0.35810956,0.15800847,0.19183731,0.2902492,0.23680851,0.2097653,0.060815144,0.51148838,0.38671869,0.20859413,0.14561625,0.22933747,0.20715988,0.25005889,0.13905507,0.3551268,0.22221622,0.30733851,0.12311853,0.14613773,0.32210031,0.23598428,0.20836605,0.22402523,0.21099129,0.21097155,0.16385643,0.27674997,0.27589688,0.71342629,0.97296506,0.75097972,0.75306797,0.96926486,0.99746531,0.709167,0.89367437,0.83427352,0.83310872,0.9497391,0.99388117,578.57605,394.15237,15.223622,18.933157,268.24454,291.88449,2.6925294,2.62676,5.0691471,6.8809114,25.75738,24.293135,26.706884,13.24067,10.912213,10.568197,8.1019096,8.2990294,8.7817678,9.784791,3841130.64233575,475868.7072058650,595.50763,710.16669,8.9187813,12.42029,432.28934,498.24637,1.8732669,1.8255538,7.5927639,9.6232414,29.611172,37.423134,23.334068,18.832373,74.335426,73.244804,42.677181,41.517029,30.05698,28.63279,108151,49232
"Female, no gender",,,,,,,,,,,,,,,,,,,,,,,,,,,,,,,,,,,,,,,,,,,,,,,,,,,,,,,,,,,,,,,,,,,,,,,,,,,,,,,,,,,,,,,,,,,,,,,,,,,,,,,,,,,
"Female, gender",1,,,,,,,,,,,,,,,,,,,,,,,,,,,,,,,,,,,,,,,,,,,0.17428465,,,,,,-0.00020862056,,,,,,,,,,,,,,40.636803,43.864536,,,,,,,0.24770592,0.16117732,1.4635953,1.4291456,,,,,,,,,,,13.710227,17.452055,,,,,,,0.042961005,0.038003154,0.56567895,0.74278229,,,,,,,,,,
"Female, gender",2,,,,,,,,,,,,,,,,,,,,,,,,,,,,,,,,,,,,,,,-0.22079431,,,0.19492173,0.18744527,,-0.45795494,,,0.085570976,0.075821631,,,0.8128193,,0.19539455,0.82425451,,,0.57741016,,0.17148489,0.58865786,,105.72484,114.19627,0.38574433,0.43819746,15.442788,19.111395,0.12935209,0.17094249,0.25884703,0.49997458,3.3024731,4.3110967,,,,,,,,,,,84.63636,103.45206,0.073863633,0.089041099,3.5170455,5.2671232,0.030122967,0.039165281,0.069715559,0.12540604,2.9244998,4.1398754,,,,,,,,,,
"Female, gender",3,,,,,,,,,,,,,,,,,,,,,,,,,,,,,,,,,,,,,,,0.014349725,,,0.2449522,0.19369029,,-0.1499989,,,0.034721922,0.079601251,,0.71228898,0.85484189,0.7507695,0.67807686,0.85665405,,0.82535672,0.87683481,,0.90841645,0.90015066,,145.65508,172.131,0.59945863,0.70241505,39.328617,41.822369,0.10586576,0.11522277,0.68819863,1.1580899,5.0371809,7.090673,,,,,,,,,,,145.23296,179.54109,0.17045455,0.2260274,13.176136,14.917809,0.024535518,0.027238645,0.24882808,0.34191364,5.1501017,7.3747258,,,,,,,,,,
"Female, gender",4,,,,,,,,,,,,,,,,,,,,,,,,,,,,,,,,,,,,,,,0.032699835,,,0.16739087,0.15283802,,0.029853579,,,-0.0053319535,0.069308937,,0.79889381,0.9770183,1,0.93050033,0.95751065,,0.81205529,0.98611951,0.8021425,0.81578225,0.97228056,,172.75877,203.39009,0.61788809,0.75676763,60.090313,68.661583,0.11707833,0.13426889,1.0072293,1.8460816,6.6070199,9.5881767,,,,,,,,,,,175.125,218.36301,0.1875,0.2739726,22.011364,27.561644,0.031172434,0.04118577,0.37401655,0.64040828,6.8189969,9.9596958,,,,,,,,,,
"Female, gender",5,,,,,,,,,,,,,,,,,,,,,,,,,,,,,,,,,,,,,,,0.028415984,0.23149545,0.19283521,0.20819366,0.20467877,0.21390766,-0.03568114,0.19500557,0.24078207,0.023761095,0.10599677,0.18029791,0.88057697,0.91116208,0.45261678,0.82996142,0.91745538,,0.89873654,0.93931717,0.45372844,0.87244427,0.9376896,,254.99268,268.20102,1.2961357,1.5912045,77.81292,93.073608,0.40407556,0.37263241,1.5669895,2.4866033,9.5372515,12.519927,9.6753931,8.8323936,,,,,,,9112.106497033480,5172.45139945595,269.89206,315.61642,0.50568181,0.69178081,43.579544,54.780823,0.16266114,0.15646091,0.87439626,1.2104812,10.756503,14.414979,8.0779018,7.1533508,,,,,,,607,534
"Female, gender",6,,,,,,,,,,,,,,,,,,,,,,,,,,,,,,,,,,,,,,,-0.038944844,0.23266415,0.22053759,0.21563303,0.2254677,0.24346115,0.094605669,0.13866933,0.22996297,0.033203892,0.11953156,0.18492399,0.84336638,0.96955645,0.95878947,0.88363624,0.94695199,0.91682684,0.89266276,0.97606719,0.61952937,0.92970103,0.97397339,0.89453745,295.94119,299.32172,1.5925047,3.4802432,95.043762,108.49275,0.43830112,1.1839769,2.1383505,3.0702188,11.836248,14.534092,13.619802,13.841022,,,,,,,65520.63300199840,23639.46096132030,323.30682,373.60959,0.6875,1.4589041,68.0625,84.76712,0.21503972,0.46836132,1.3824013,1.9305362,13.781424,17.78223,13.562855,12.261471,,,,,,,5794.5,3247
"Female, gender",7,,,,,,,,,,,,,,,,,,,,,,,,,,,,,,,,,,,,,,,-0.019915383,0.22454213,0.21837397,0.21761915,0.22794676,0.24180372,0.090394497,0.10000228,0.1877744,0.073110119,0.12579589,0.19123076,0.88672984,0.99224174,0.92920679,0.94854844,0.98651433,0.9703325,0.89836472,0.93607861,0.93724,0.96827495,0.96885598,0.97395909,314.87546,336.88083,1.8976403,4.5189571,112.0463,130.99602,0.4739666,1.6829133,2.3620696,3.6908097,13.143537,16.618668,15.222895,15.170304,,,,,,,156923.7788523110,57744.88664947210,348.43182,419.58218,0.81818181,1.7260274,85.125,109.63699,0.2462001,0.589939,1.7069645,2.4822638,15.488162,20.609018,16.057648,14.825606,,,,,,,24719,12731
"Female, gender",8,,,,,,,,,,,,,,,,,,,,,,,,,,,,,,,,,,,,,,,-0.016404999,0.25446394,0.21152836,0.21456844,0.21458082,0.23133072,0.086035036,0.062759787,0.18372457,0.10488331,0.13801973,0.17635572,0.89094394,0.98969293,0.94469994,0.9367981,0.99038523,0.96464193,0.93284655,0.98705357,0.98368847,0.95304823,0.98390597,0.98334539,342.49188,372.5896,2.3430402,4.7680297,142.92969,160.92896,0.57625633,1.7255181,3.2362792,4.656199,15.035772,19.378927,16.138754,15.905312,,,,,,,290309.8691438730,110258.9130609840,378.32385,462.46576,1.0397727,2.0616438,116.57954,146.60959,0.32941532,0.68287736,2.2949073,3.3366947,17.64361,23.923967,18.167175,16.915771,,,,,,,55389,29051
"Female, gender",9,,,,,,,,,,,,,,,,,,,,,,,,,,,,,,,,,,,,,,,0.059332203,0.20496102,0.19922669,0.1987949,0.20930351,0.21357927,0.097213723,0.049020726,0.18816225,0.094212569,0.14429633,0.17168222,0.86946213,0.9886499,0.9317255,0.8717556,0.9821822,0.98202127,0.91199142,0.99236697,0.97976387,0.9514997,0.98760337,0.99309981,360.9014,386.50671,3.1890235,5.3177185,170.92787,181.07237,0.70592219,1.7831044,3.9847903,5.1690826,16.771776,20.655197,16.576262,16.062586,,,,,,,490395.6180106280,173018.0554449780,409.53409,488.87671,1.3863636,2.5342467,150.99432,185.78082,0.44443303,0.81575322,3.0217829,4.212749,19.807293,26.118248,19.158007,17.877453,,,,,,,77188.5,41179.5
"Female, gender",10,,,,,,,,,,,,,,,,,,,,,,,,,,,,,,,,,,,,,,,0.10873643,0.19454423,0.20514175,0.22668688,0.22776155,0.21913621,0.11866619,0.052924644,0.19958973,0.076148972,0.1475208,0.15967409,0.84138441,0.97916383,0.60294622,0.88684666,0.97511649,0.99830312,0.82580709,0.98631465,0.7767961,0.88579696,0.97864616,0.99766254,409.43185,416.00159,6.5320687,9.8788338,222.16608,237.21759,1.7788677,3.0459452,5.4928684,6.4556804,19.676212,23.108561,16.537809,15.98812,,,,,,,711860.9725354570,245549.9686106020,456.77841,537.8288,2.8295455,4.6095891,224.75,289.82193,0.93863297,1.4175943,4.6334648,6.540771,22.98411,30.080652,19.506821,18.340126,,,,,,,95380,54045
"Female, gender",11,0.88202125,0.42558134,0.76227587,0.65128767,0.43202507,0.38071737,0.29074869,0.058457986,0.11260007,0.34089291,0.88946646,0.34650898,0.79445958,0.6749326,0.23408625,0.56577152,0.49084511,0.1528486,0.041049853,0.42011997,0.1678893,0.24139087,0.1667019,0.2549063,0.18643491,0.16698338,0.16978273,0.16625187,0.38645235,0.33992586,0.13443755,0.19334567,0.24228342,0.11597743,0.067731425,0.10126935,0.4207595,0.33426896,0.12912825,0.2092346,0.19365849,0.17335799,0.19487177,0.192959,0.097166106,0.085985273,0.16423814,0.064731948,0.12132449,0.14381365,0.73472255,0.95986253,0.75450385,0.81357759,0.96308172,0.99331939,0.69762075,0.96721923,0.8584103,0.84896904,0.96729338,0.99828702,459.39505,473.0336,17.032238,19.726086,275.23672,257.75974,3.3434377,3.7205417,6.3442016,7.0388198,22.977247,26.506104,16.411583,15.937269,11.474365,10.67824,7.4024339,7.2402272,9.7526321,8.6765585,938769.097973834,313027.4278265190,564.66479,646.53424,9.994318,16.075342,426.11932,505.09589,2.1352105,2.7797096,8.2157297,10.329823,29.04319,36.6978,19.919394,18.698301,74.282715,75.035927,42.450001,42.447945,30.079262,30.869179,114963.5,69576.5
"Female, gender",,,,,,,,,,,,,,,,,,,,,,,,,,,,,,,,,,,,,,,,,,,,,,,,,,,,,,,,,,,,,,,,,,,,,,,,,,,,,,,,,,,,,,,,,,,,,,,,,,,,,,,,,,,